-- MySQL dump 10.13  Distrib 8.0.41, for Win64 (x86_64)
--
-- Host: 127.0.0.1    Database: clone
-- ------------------------------------------------------
-- Server version	8.0.41

/*!40101 SET @OLD_CHARACTER_SET_CLIENT=@@CHARACTER_SET_CLIENT */;
/*!40101 SET @OLD_CHARACTER_SET_RESULTS=@@CHARACTER_SET_RESULTS */;
/*!40101 SET @OLD_COLLATION_CONNECTION=@@COLLATION_CONNECTION */;
/*!50503 SET NAMES utf8 */;
/*!40103 SET @OLD_TIME_ZONE=@@TIME_ZONE */;
/*!40103 SET TIME_ZONE='+00:00' */;
/*!40014 SET @OLD_UNIQUE_CHECKS=@@UNIQUE_CHECKS, UNIQUE_CHECKS=0 */;
/*!40014 SET @OLD_FOREIGN_KEY_CHECKS=@@FOREIGN_KEY_CHECKS, FOREIGN_KEY_CHECKS=0 */;
/*!40101 SET @OLD_SQL_MODE=@@SQL_MODE, SQL_MODE='NO_AUTO_VALUE_ON_ZERO' */;
/*!40111 SET @OLD_SQL_NOTES=@@SQL_NOTES, SQL_NOTES=0 */;

--
-- Table structure for table `bookdetail`
--

DROP TABLE IF EXISTS `bookdetail`;
/*!40101 SET @saved_cs_client     = @@character_set_client */;
/*!50503 SET character_set_client = utf8mb4 */;
CREATE TABLE `bookdetail` (
  `book_id` bigint NOT NULL AUTO_INCREMENT,
  `Subcategory_Id` int NOT NULL,
  `Top_Category_Id` int NOT NULL,
  `Price` int NOT NULL,
  `Writer` varchar(100) NOT NULL,
  `Publisher` varchar(100) NOT NULL,
  `Book_Index` text,
  `Cover` longtext NOT NULL,
  `writers_comment` text,
  `rating` decimal(3,2) DEFAULT NULL,
  `Title` varchar(255) NOT NULL,
  `Publication_date` date NOT NULL,
  `Discount_rate` int NOT NULL DEFAULT '0',
  PRIMARY KEY (`book_id`),
  KEY `FK_CopyOfTop_category_TO_bookdetail` (`Subcategory_Id`,`Top_Category_Id`),
  CONSTRAINT `FK_CopyOfTop_category_TO_bookdetail` FOREIGN KEY (`Subcategory_Id`, `Top_Category_Id`) REFERENCES `copyoftop_category` (`Subcategory_Id`, `Top_Category_Id`)
) ENGINE=InnoDB AUTO_INCREMENT=196 DEFAULT CHARSET=utf8mb4 COLLATE=utf8mb4_0900_ai_ci;
/*!40101 SET character_set_client = @saved_cs_client */;

--
-- Dumping data for table `bookdetail`
--

LOCK TABLES `bookdetail` WRITE;
/*!40000 ALTER TABLE `bookdetail` DISABLE KEYS */;
INSERT INTO `bookdetail` VALUES (1,39,1,14002,'조정래','위즈덤하우스','작가의 독창적 상상력이 빛나는 작품, 지금 만나보세요!','https://leeheeseng.github.io/uploadfront/coverimg/image_91.jpg','책을 덮고도 여운이 길게 남는 작품이에요.',2.24,'너의 이름은','2023-03-02',29),(2,40,1,27992,'이정래','한겨레출판','작가의 독창적 상상력이 빛나는 작품, 지금 만나보세요!','https://leeheeseng.github.io/uploadfront/coverimg/image_68.jpg','누구에게나 추천하고 싶은 책입니다.',4.82,'이 멋진세계에 축복을','2021-09-11',4),(3,41,1,21344,'히가시노 게이고','현대문학','한 편의 영화처럼, 손에서 놓을 수 없는 감동과 서스펜스를 선사합니다.','https://leeheeseng.github.io/uploadfront/coverimg/image_61.jpg','정말 흥미롭고 독창적인 이야기입니다.',4.17,'밤의 여행자들','2024-02-13',43),(4,42,1,20565,'김훈','위즈덤하우스','작가의 독창적 상상력이 빛나는 작품, 지금 만나보세요!','https://leeheeseng.github.io/uploadfront/coverimg/image_7.jpg','책을 덮고도 여운이 길게 남는 작품이에요.',3.19,'종의 기원','2023-08-21',9),(5,43,1,13055,'정유정','민음사','작가의 독창적 상상력이 빛나는 작품, 지금 만나보세요!','https://leeheeseng.github.io/uploadfront/coverimg/image_25.jpg','누구에게나 추천하고 싶은 책입니다.',1.30,'모순','2021-01-09',47),(6,44,1,21171,'베르나르 베르베르','한겨레출판','작가의 독창적 상상력이 빛나는 작품, 지금 만나보세요!','https://leeheeseng.github.io/uploadfront/coverimg/image_8.jpg','누구에게나 추천하고 싶은 책입니다.',4.35,'이 멋진세계에 축복을','2023-07-18',1),(7,45,1,23611,'김훈','문학동네','한 편의 영화처럼, 손에서 놓을 수 없는 감동과 서스펜스를 선사합니다.','https://leeheeseng.github.io/uploadfront/coverimg/image_50.jpg','누구에게나 추천하고 싶은 책입니다.',3.34,'밤의 여행자들','2022-06-02',42),(8,46,1,29768,'베르나르 베르베르','문학동네','이 책은 사랑, 인생, 그리고 시간에 대한 깊은 성찰을 담고 있습니다.','https://leeheeseng.github.io/uploadfront/coverimg/image_42.jpg','정말 흥미롭고 독창적인 이야기입니다.',2.59,'밤의 여행자들','2020-11-16',7),(9,47,1,28695,'김훈','현대문학','이 책은 사랑, 인생, 그리고 시간에 대한 깊은 성찰을 담고 있습니다.','https://leeheeseng.github.io/uploadfront/coverimg/image_54.jpg','책을 덮고도 여운이 길게 남는 작품이에요.',1.83,'철학은 어떻게 삶의 무기가 되는가','2024-01-26',15),(10,48,1,22414,'정유정','문학동네','한 편의 영화처럼, 손에서 놓을 수 없는 감동과 서스펜스를 선사합니다.','https://leeheeseng.github.io/uploadfront/coverimg/image_49.jpg','책을 덮고도 여운이 길게 남는 작품이에요.',2.73,'살인자의 기억법','2020-05-17',10),(11,49,1,22974,'베르나르 베르베르','문학동네','한 편의 영화처럼, 손에서 놓을 수 없는 감동과 서스펜스를 선사합니다.','https://leeheeseng.github.io/uploadfront/coverimg/image_79.jpg','책을 덮고도 여운이 길게 남는 작품이에요.',2.02,'철학은 어떻게 삶의 무기가 되는가','2020-04-09',0),(12,50,1,24040,'조정래','위즈덤하우스','한 편의 영화처럼, 손에서 놓을 수 없는 감동과 서스펜스를 선사합니다.','https://leeheeseng.github.io/uploadfront/coverimg/image_66.jpg','책을 덮고도 여운이 길게 남는 작품이에요.',2.96,'모순','2024-03-01',12),(13,51,1,22398,'정유정','열린책들','이 책은 사랑, 인생, 그리고 시간에 대한 깊은 성찰을 담고 있습니다.','https://leeheeseng.github.io/uploadfront/coverimg/image_84.jpg','책을 덮고도 여운이 길게 남는 작품이에요.',2.55,'너의 이름은','2022-04-26',44),(14,52,1,18946,'조정래','열린책들','한 편의 영화처럼, 손에서 놓을 수 없는 감동과 서스펜스를 선사합니다.','https://leeheeseng.github.io/uploadfront/coverimg/image_42.jpg','정말 흥미롭고 독창적인 이야기입니다.',3.23,'종의 기원','2023-06-02',4),(15,53,1,19310,'베르나르 베르베르','현대문학','한 편의 영화처럼, 손에서 놓을 수 없는 감동과 서스펜스를 선사합니다.','https://leeheeseng.github.io/uploadfront/coverimg/image_38.jpg','누구에게나 추천하고 싶은 책입니다.',4.03,'철학은 어떻게 삶의 무기가 되는가','2021-03-21',12),(16,54,1,17293,'히가시노 게이고','문학동네','이 책은 사랑, 인생, 그리고 시간에 대한 깊은 성찰을 담고 있습니다.','https://leeheeseng.github.io/uploadfront/coverimg/image_60.jpg','정말 흥미롭고 독창적인 이야기입니다.',3.73,'밤의 여행자들','2017-07-03',0),(17,55,1,23105,'무라카미 하루키','위즈덤하우스','작가의 독창적 상상력이 빛나는 작품, 지금 만나보세요!','https://leeheeseng.github.io/uploadfront/coverimg/image_93.jpg','책을 덮고도 여운이 길게 남는 작품이에요.',4.05,'모순','2017-09-30',2),(18,56,1,27816,'조정래','열린책들','작가의 독창적 상상력이 빛나는 작품, 지금 만나보세요!','https://leeheeseng.github.io/uploadfront/coverimg/image_10.jpg','책을 덮고도 여운이 길게 남는 작품이에요.',2.48,'이 멋진세계에 축복을','2019-07-15',21),(19,57,1,28201,'베르나르 베르베르','민음사','이 책은 사랑, 인생, 그리고 시간에 대한 깊은 성찰을 담고 있습니다.','https://leeheeseng.github.io/uploadfront/coverimg/image_35.jpg','누구에게나 추천하고 싶은 책입니다.',3.42,'살인자의 기억법','2024-06-26',1),(20,58,2,15648,'정유정','위즈덤하우스','한 편의 영화처럼, 손에서 놓을 수 없는 감동과 서스펜스를 선사합니다.','https://leeheeseng.github.io/uploadfront/coverimg/image_50.jpg','누구에게나 추천하고 싶은 책입니다.',2.19,'정치의 법칙','2015-05-11',11),(21,59,2,29808,'김훈','문학동네','작가의 독창적 상상력이 빛나는 작품, 지금 만나보세요!','https://leeheeseng.github.io/uploadfront/coverimg/image_49.jpg','누구에게나 추천하고 싶은 책입니다.',3.55,'철학자의 길','2023-08-19',29),(22,60,2,26546,'무라카미 하루키','민음사','작가의 독창적 상상력이 빛나는 작품, 지금 만나보세요!','https://leeheeseng.github.io/uploadfront/coverimg/image_88.jpg','누구에게나 추천하고 싶은 책입니다.',2.18,'인간 심리의 비밀','2015-04-30',37),(23,61,2,29043,'베르나르 베르베르','한겨레출판','작가의 독창적 상상력이 빛나는 작품, 지금 만나보세요!','https://leeheeseng.github.io/uploadfront/coverimg/image_24.jpg','누구에게나 추천하고 싶은 책입니다.',4.11,'정치의 법칙','2024-12-18',1),(24,62,2,16762,'베르나르 베르베르','열린책들','이 책은 사랑, 인생, 그리고 시간에 대한 깊은 성찰을 담고 있습니다.','https://leeheeseng.github.io/uploadfront/coverimg/image_28.jpg','누구에게나 추천하고 싶은 책입니다.',3.23,'철학자의 길','2021-01-03',17),(25,63,2,16185,'무라카미 하루키','민음사','한 편의 영화처럼, 손에서 놓을 수 없는 감동과 서스펜스를 선사합니다.','https://leeheeseng.github.io/uploadfront/coverimg/image_60.jpg','책을 덮고도 여운이 길게 남는 작품이에요.',2.22,'경제학의 기초','2018-07-14',25),(26,64,2,29346,'김훈','민음사','한 편의 영화처럼, 손에서 놓을 수 없는 감동과 서스펜스를 선사합니다.','https://leeheeseng.github.io/uploadfront/coverimg/image_33.jpg','누구에게나 추천하고 싶은 책입니다.',3.11,'인간 심리의 비밀','2022-02-20',14),(27,65,2,26052,'베르나르 베르베르','한겨레출판','이 책은 사랑, 인생, 그리고 시간에 대한 깊은 성찰을 담고 있습니다.','https://leeheeseng.github.io/uploadfront/coverimg/image_70.jpg','누구에게나 추천하고 싶은 책입니다.',3.60,'정치의 법칙','2019-05-16',23),(28,66,2,23063,'히가시노 게이고','민음사','이 책은 사랑, 인생, 그리고 시간에 대한 깊은 성찰을 담고 있습니다.','https://leeheeseng.github.io/uploadfront/coverimg/image_65.jpg','누구에게나 추천하고 싶은 책입니다.',1.02,'사회의 미래','2021-03-21',25),(29,67,2,10967,'조정래','민음사','작가의 독창적 상상력이 빛나는 작품, 지금 만나보세요!','https://leeheeseng.github.io/uploadfront/coverimg/image_23.jpg','정말 흥미롭고 독창적인 이야기입니다.',2.55,'사회의 미래','2023-04-21',25),(30,68,2,29258,'베르나르 베르베르','한겨레출판','작가의 독창적 상상력이 빛나는 작품, 지금 만나보세요!','https://leeheeseng.github.io/uploadfront/coverimg/image_90.jpg','정말 흥미롭고 독창적인 이야기입니다.',1.26,'사회의 미래','2024-09-30',4),(31,69,2,25595,'히가시노 게이고','민음사','작가의 독창적 상상력이 빛나는 작품, 지금 만나보세요!','https://leeheeseng.github.io/uploadfront/coverimg/image_22.jpg','책을 덮고도 여운이 길게 남는 작품이에요.',3.27,'정치의 법칙','2019-10-14',23),(32,70,2,10121,'무라카미 하루키','현대문학','작가의 독창적 상상력이 빛나는 작품, 지금 만나보세요!','https://leeheeseng.github.io/uploadfront/coverimg/image_10.jpg','책을 덮고도 여운이 길게 남는 작품이에요.',3.46,'철학자의 길','2017-05-22',30),(33,71,2,18189,'정유정','위즈덤하우스','이 책은 사랑, 인생, 그리고 시간에 대한 깊은 성찰을 담고 있습니다.','https://leeheeseng.github.io/uploadfront/coverimg/image_70.jpg','책을 덮고도 여운이 길게 남는 작품이에요.',2.56,'인간 심리의 비밀','2021-03-27',25),(34,72,2,14120,'무라카미 하루키','한겨레출판','이 책은 사랑, 인생, 그리고 시간에 대한 깊은 성찰을 담고 있습니다.','https://leeheeseng.github.io/uploadfront/coverimg/image_47.jpg','정말 흥미롭고 독창적인 이야기입니다.',4.75,'인간 심리의 비밀','2022-12-12',32),(35,73,2,16630,'베르나르 베르베르','문학동네','한 편의 영화처럼, 손에서 놓을 수 없는 감동과 서스펜스를 선사합니다.','https://leeheeseng.github.io/uploadfront/coverimg/image_21.jpg','책을 덮고도 여운이 길게 남는 작품이에요.',1.33,'인간 심리의 비밀','2017-09-18',19),(36,74,2,27433,'베르나르 베르베르','한겨레출판','이 책은 사랑, 인생, 그리고 시간에 대한 깊은 성찰을 담고 있습니다.','https://leeheeseng.github.io/uploadfront/coverimg/image_47.jpg','누구에게나 추천하고 싶은 책입니다.',1.54,'인간 심리의 비밀','2021-02-14',1),(37,75,2,10134,'조정래','위즈덤하우스','한 편의 영화처럼, 손에서 놓을 수 없는 감동과 서스펜스를 선사합니다.','https://leeheeseng.github.io/uploadfront/coverimg/image_75.jpg','누구에게나 추천하고 싶은 책입니다.',4.03,'인간 심리의 비밀','2015-05-04',15),(38,76,2,29751,'정유정','위즈덤하우스','이 책은 사랑, 인생, 그리고 시간에 대한 깊은 성찰을 담고 있습니다.','https://leeheeseng.github.io/uploadfront/coverimg/image_52.jpg','정말 흥미롭고 독창적인 이야기입니다.',4.89,'사회의 미래','2023-02-08',3),(39,77,3,18594,'무라카미 하루키','현대문학','작가의 독창적 상상력이 빛나는 작품, 지금 만나보세요!','https://leeheeseng.github.io/uploadfront/coverimg/image_30.jpg','정말 흥미롭고 독창적인 이야기입니다.',4.96,'우주의 비밀','2023-10-03',9),(40,78,3,21346,'조정래','열린책들','작가의 독창적 상상력이 빛나는 작품, 지금 만나보세요!','https://leeheeseng.github.io/uploadfront/coverimg/image_77.jpg','책을 덮고도 여운이 길게 남는 작품이에요.',3.50,'우주의 비밀','2019-02-22',10),(41,79,3,21241,'정유정','민음사','한 편의 영화처럼, 손에서 놓을 수 없는 감동과 서스펜스를 선사합니다.','https://leeheeseng.github.io/uploadfront/coverimg/image_24.jpg','책을 덮고도 여운이 길게 남는 작품이에요.',2.81,'양자역학 이야기','2019-01-08',23),(42,80,3,27142,'베르나르 베르베르','위즈덤하우스','이 책은 사랑, 인생, 그리고 시간에 대한 깊은 성찰을 담고 있습니다.','https://leeheeseng.github.io/uploadfront/coverimg/image_62.jpg','책을 덮고도 여운이 길게 남는 작품이에요.',4.99,'지구와 환경의 이해','2022-02-16',25),(43,81,3,24968,'김훈','한겨레출판','작가의 독창적 상상력이 빛나는 작품, 지금 만나보세요!','https://leeheeseng.github.io/uploadfront/coverimg/image_54.jpg','누구에게나 추천하고 싶은 책입니다.',2.87,'우주의 비밀','2017-01-31',47),(44,82,3,19494,'조정래','현대문학','한 편의 영화처럼, 손에서 놓을 수 없는 감동과 서스펜스를 선사합니다.','https://leeheeseng.github.io/uploadfront/coverimg/image_79.jpg','책을 덮고도 여운이 길게 남는 작품이에요.',1.28,'기술 혁명','2017-09-24',7),(45,83,3,15241,'무라카미 하루키','문학동네','한 편의 영화처럼, 손에서 놓을 수 없는 감동과 서스펜스를 선사합니다.','https://leeheeseng.github.io/uploadfront/coverimg/image_49.jpg','책을 덮고도 여운이 길게 남는 작품이에요.',1.01,'우주의 비밀','2020-05-01',0),(46,84,3,10349,'히가시노 게이고','현대문학','작가의 독창적 상상력이 빛나는 작품, 지금 만나보세요!','https://leeheeseng.github.io/uploadfront/coverimg/image_91.jpg','정말 흥미롭고 독창적인 이야기입니다.',4.04,'지구와 환경의 이해','2020-07-24',47),(47,85,3,12190,'조정래','한겨레출판','한 편의 영화처럼, 손에서 놓을 수 없는 감동과 서스펜스를 선사합니다.','https://leeheeseng.github.io/uploadfront/coverimg/image_36.jpg','정말 흥미롭고 독창적인 이야기입니다.',2.29,'미래의 과학','2016-03-20',22),(48,86,3,25104,'정유정','민음사','한 편의 영화처럼, 손에서 놓을 수 없는 감동과 서스펜스를 선사합니다.','https://leeheeseng.github.io/uploadfront/coverimg/image_81.jpg','책을 덮고도 여운이 길게 남는 작품이에요.',2.37,'기술 혁명','2022-05-22',43),(49,87,3,13853,'베르나르 베르베르','현대문학','이 책은 사랑, 인생, 그리고 시간에 대한 깊은 성찰을 담고 있습니다.','https://leeheeseng.github.io/uploadfront/coverimg/image_21.jpg','정말 흥미롭고 독창적인 이야기입니다.',4.47,'기술 혁명','2021-02-12',21),(50,88,3,11706,'김훈','열린책들','작가의 독창적 상상력이 빛나는 작품, 지금 만나보세요!','https://leeheeseng.github.io/uploadfront/coverimg/image_38.jpg','정말 흥미롭고 독창적인 이야기입니다.',2.79,'기술 혁명','2016-05-29',29),(51,89,3,21221,'김훈','현대문학','작가의 독창적 상상력이 빛나는 작품, 지금 만나보세요!','https://leeheeseng.github.io/uploadfront/coverimg/image_32.jpg','책을 덮고도 여운이 길게 남는 작품이에요.',1.75,'기술 혁명','2016-03-06',4),(52,90,3,24027,'무라카미 하루키','열린책들','이 책은 사랑, 인생, 그리고 시간에 대한 깊은 성찰을 담고 있습니다.','https://leeheeseng.github.io/uploadfront/coverimg/image_39.jpg','정말 흥미롭고 독창적인 이야기입니다.',3.37,'지구와 환경의 이해','2021-06-10',5),(53,91,3,18462,'베르나르 베르베르','열린책들','이 책은 사랑, 인생, 그리고 시간에 대한 깊은 성찰을 담고 있습니다.','https://leeheeseng.github.io/uploadfront/coverimg/image_92.jpg','누구에게나 추천하고 싶은 책입니다.',1.23,'기술 혁명','2016-09-09',24),(54,92,3,24129,'히가시노 게이고','열린책들','이 책은 사랑, 인생, 그리고 시간에 대한 깊은 성찰을 담고 있습니다.','https://leeheeseng.github.io/uploadfront/coverimg/image_74.jpg','누구에게나 추천하고 싶은 책입니다.',1.30,'우주의 비밀','2020-07-13',38),(55,93,3,22730,'베르나르 베르베르','한겨레출판','한 편의 영화처럼, 손에서 놓을 수 없는 감동과 서스펜스를 선사합니다.','https://leeheeseng.github.io/uploadfront/coverimg/image_87.jpg','정말 흥미롭고 독창적인 이야기입니다.',3.13,'지구와 환경의 이해','2020-04-11',22),(56,94,3,10241,'정유정','민음사','이 책은 사랑, 인생, 그리고 시간에 대한 깊은 성찰을 담고 있습니다.','https://leeheeseng.github.io/uploadfront/coverimg/image_31.jpg','정말 흥미롭고 독창적인 이야기입니다.',1.78,'지구와 환경의 이해','2023-02-18',44),(57,95,3,23308,'무라카미 하루키','위즈덤하우스','작가의 독창적 상상력이 빛나는 작품, 지금 만나보세요!','https://leeheeseng.github.io/uploadfront/coverimg/image_64.jpg','정말 흥미롭고 독창적인 이야기입니다.',4.75,'우주의 비밀','2020-01-04',27),(58,96,4,27503,'히가시노 게이고','위즈덤하우스','작가의 독창적 상상력이 빛나는 작품, 지금 만나보세요!','https://leeheeseng.github.io/uploadfront/coverimg/image_46.jpg','책을 덮고도 여운이 길게 남는 작품이에요.',2.79,'음악의 매력','2016-01-19',15),(59,97,4,26298,'조정래','열린책들','이 책은 사랑, 인생, 그리고 시간에 대한 깊은 성찰을 담고 있습니다.','https://leeheeseng.github.io/uploadfront/coverimg/image_31.jpg','정말 흥미롭고 독창적인 이야기입니다.',3.67,'미술의 세계','2023-03-30',44),(60,98,4,22248,'베르나르 베르베르','민음사','한 편의 영화처럼, 손에서 놓을 수 없는 감동과 서스펜스를 선사합니다.','https://leeheeseng.github.io/uploadfront/coverimg/image_12.jpg','책을 덮고도 여운이 길게 남는 작품이에요.',2.60,'영화의 역사를 따라','2023-10-07',41),(61,99,4,26887,'히가시노 게이고','민음사','이 책은 사랑, 인생, 그리고 시간에 대한 깊은 성찰을 담고 있습니다.','https://leeheeseng.github.io/uploadfront/coverimg/image_49.jpg','정말 흥미롭고 독창적인 이야기입니다.',1.39,'음악의 매력','2022-07-26',25),(62,100,4,28507,'히가시노 게이고','문학동네','한 편의 영화처럼, 손에서 놓을 수 없는 감동과 서스펜스를 선사합니다.','https://leeheeseng.github.io/uploadfront/coverimg/image_25.jpg','책을 덮고도 여운이 길게 남는 작품이에요.',1.62,'영화의 역사를 따라','2015-07-17',3),(63,101,4,10628,'조정래','문학동네','작가의 독창적 상상력이 빛나는 작품, 지금 만나보세요!','https://leeheeseng.github.io/uploadfront/coverimg/image_61.jpg','책을 덮고도 여운이 길게 남는 작품이에요.',4.57,'음악의 매력','2015-12-04',17),(64,102,4,24363,'베르나르 베르베르','한겨레출판','작가의 독창적 상상력이 빛나는 작품, 지금 만나보세요!','https://leeheeseng.github.io/uploadfront/coverimg/image_49.jpg','누구에게나 추천하고 싶은 책입니다.',3.42,'미술의 세계','2020-01-21',7),(65,103,4,10823,'김훈','민음사','작가의 독창적 상상력이 빛나는 작품, 지금 만나보세요!','https://leeheeseng.github.io/uploadfront/coverimg/image_54.jpg','책을 덮고도 여운이 길게 남는 작품이에요.',3.20,'미술의 세계','2017-12-02',13),(66,104,4,11690,'조정래','민음사','이 책은 사랑, 인생, 그리고 시간에 대한 깊은 성찰을 담고 있습니다.','https://leeheeseng.github.io/uploadfront/coverimg/image_28.jpg','책을 덮고도 여운이 길게 남는 작품이에요.',3.98,'미술의 세계','2020-03-27',35),(67,105,4,10850,'김훈','문학동네','이 책은 사랑, 인생, 그리고 시간에 대한 깊은 성찰을 담고 있습니다.','https://leeheeseng.github.io/uploadfront/coverimg/image_63.jpg','정말 흥미롭고 독창적인 이야기입니다.',2.17,'영화의 역사를 따라','2015-11-17',5),(68,106,4,18219,'베르나르 베르베르','민음사','작가의 독창적 상상력이 빛나는 작품, 지금 만나보세요!','https://leeheeseng.github.io/uploadfront/coverimg/image_46.jpg','누구에게나 추천하고 싶은 책입니다.',3.46,'미술의 세계','2024-09-04',27),(69,107,4,24395,'베르나르 베르베르','위즈덤하우스','작가의 독창적 상상력이 빛나는 작품, 지금 만나보세요!','https://leeheeseng.github.io/uploadfront/coverimg/image_37.jpg','누구에게나 추천하고 싶은 책입니다.',3.26,'음악의 매력','2023-05-30',2),(70,108,4,21885,'베르나르 베르베르','위즈덤하우스','작가의 독창적 상상력이 빛나는 작품, 지금 만나보세요!','https://leeheeseng.github.io/uploadfront/coverimg/image_42.jpg','누구에게나 추천하고 싶은 책입니다.',4.79,'미술의 세계','2024-12-25',3),(71,109,4,17257,'베르나르 베르베르','민음사','작가의 독창적 상상력이 빛나는 작품, 지금 만나보세요!','https://leeheeseng.github.io/uploadfront/coverimg/image_92.jpg','책을 덮고도 여운이 길게 남는 작품이에요.',1.26,'음악의 매력','2019-12-23',19),(72,110,4,25918,'조정래','한겨레출판','이 책은 사랑, 인생, 그리고 시간에 대한 깊은 성찰을 담고 있습니다.','https://leeheeseng.github.io/uploadfront/coverimg/image_62.jpg','정말 흥미롭고 독창적인 이야기입니다.',2.03,'영화의 역사를 따라','2020-01-10',9),(73,111,4,19956,'무라카미 하루키','위즈덤하우스','한 편의 영화처럼, 손에서 놓을 수 없는 감동과 서스펜스를 선사합니다.','https://leeheeseng.github.io/uploadfront/coverimg/image_30.jpg','누구에게나 추천하고 싶은 책입니다.',4.49,'음악의 매력','2018-04-25',27),(74,112,4,25847,'무라카미 하루키','위즈덤하우스','한 편의 영화처럼, 손에서 놓을 수 없는 감동과 서스펜스를 선사합니다.','https://leeheeseng.github.io/uploadfront/coverimg/image_48.jpg','책을 덮고도 여운이 길게 남는 작품이에요.',3.65,'사진으로 보는 세상','2015-09-24',33),(75,113,4,23122,'김훈','한겨레출판','작가의 독창적 상상력이 빛나는 작품, 지금 만나보세요!','https://leeheeseng.github.io/uploadfront/coverimg/image_56.jpg','책을 덮고도 여운이 길게 남는 작품이에요.',4.54,'미술의 세계','2020-11-06',36),(76,114,4,20926,'히가시노 게이고','한겨레출판','이 책은 사랑, 인생, 그리고 시간에 대한 깊은 성찰을 담고 있습니다.','https://leeheeseng.github.io/uploadfront/coverimg/image_38.jpg','책을 덮고도 여운이 길게 남는 작품이에요.',2.64,'영화의 역사를 따라','2024-08-11',27),(77,20,5,27278,'히가시노 게이고','현대문학','한 편의 영화처럼, 손에서 놓을 수 없는 감동과 서스펜스를 선사합니다.','https://leeheeseng.github.io/uploadfront/coverimg/image_20.jpg','정말 흥미롭고 독창적인 이야기입니다.',3.71,'어린이의 세계','2019-02-08',13),(78,21,5,13739,'무라카미 하루키','열린책들','작가의 독창적 상상력이 빛나는 작품, 지금 만나보세요!','https://leeheeseng.github.io/uploadfront/coverimg/image_67.jpg','정말 흥미롭고 독창적인 이야기입니다.',1.25,'동화나라','2015-06-06',12),(79,22,5,15228,'무라카미 하루키','문학동네','작가의 독창적 상상력이 빛나는 작품, 지금 만나보세요!','https://leeheeseng.github.io/uploadfront/coverimg/image_94.jpg','누구에게나 추천하고 싶은 책입니다.',2.19,'미래를 여는 청소년','2024-11-28',6),(80,23,5,20123,'히가시노 게이고','현대문학','작가의 독창적 상상력이 빛나는 작품, 지금 만나보세요!','https://leeheeseng.github.io/uploadfront/coverimg/image_82.jpg','책을 덮고도 여운이 길게 남는 작품이에요.',2.85,'어린이의 세계','2015-06-24',22),(81,24,5,17095,'김훈','민음사','작가의 독창적 상상력이 빛나는 작품, 지금 만나보세요!','https://leeheeseng.github.io/uploadfront/coverimg/image_36.jpg','누구에게나 추천하고 싶은 책입니다.',1.09,'창의력 키우기','2023-09-12',34),(82,25,5,28045,'정유정','현대문학','이 책은 사랑, 인생, 그리고 시간에 대한 깊은 성찰을 담고 있습니다.','https://leeheeseng.github.io/uploadfront/coverimg/image_18.jpg','책을 덮고도 여운이 길게 남는 작품이에요.',4.29,'미래를 여는 청소년','2023-02-20',6),(83,26,5,26516,'김훈','한겨레출판','이 책은 사랑, 인생, 그리고 시간에 대한 깊은 성찰을 담고 있습니다.','https://leeheeseng.github.io/uploadfront/coverimg/image_66.jpg','정말 흥미롭고 독창적인 이야기입니다.',2.33,'동화나라','2018-11-28',3),(84,27,5,21753,'김훈','문학동네','한 편의 영화처럼, 손에서 놓을 수 없는 감동과 서스펜스를 선사합니다.','https://leeheeseng.github.io/uploadfront/coverimg/image_93.jpg','누구에게나 추천하고 싶은 책입니다.',3.83,'미래를 여는 청소년','2023-03-14',4),(85,28,5,12772,'무라카미 하루키','위즈덤하우스','이 책은 사랑, 인생, 그리고 시간에 대한 깊은 성찰을 담고 있습니다.','https://leeheeseng.github.io/uploadfront/coverimg/image_84.jpg','정말 흥미롭고 독창적인 이야기입니다.',1.20,'어린이의 세계','2017-02-25',6),(86,29,5,15421,'정유정','민음사','작가의 독창적 상상력이 빛나는 작품, 지금 만나보세요!','https://leeheeseng.github.io/uploadfront/coverimg/image_45.jpg','누구에게나 추천하고 싶은 책입니다.',4.94,'동화나라','2023-01-15',32),(87,30,5,15121,'정유정','현대문학','이 책은 사랑, 인생, 그리고 시간에 대한 깊은 성찰을 담고 있습니다.','https://leeheeseng.github.io/uploadfront/coverimg/image_56.jpg','정말 흥미롭고 독창적인 이야기입니다.',4.56,'어린이의 세계','2022-05-01',10),(88,31,5,17950,'김훈','위즈덤하우스','한 편의 영화처럼, 손에서 놓을 수 없는 감동과 서스펜스를 선사합니다.','https://leeheeseng.github.io/uploadfront/coverimg/image_52.jpg','누구에게나 추천하고 싶은 책입니다.',4.30,'어린이 과학 탐험','2019-12-13',43),(89,32,5,12418,'김훈','현대문학','작가의 독창적 상상력이 빛나는 작품, 지금 만나보세요!','https://leeheeseng.github.io/uploadfront/coverimg/image_84.jpg','책을 덮고도 여운이 길게 남는 작품이에요.',2.08,'창의력 키우기','2021-04-06',18),(90,33,5,14154,'무라카미 하루키','열린책들','이 책은 사랑, 인생, 그리고 시간에 대한 깊은 성찰을 담고 있습니다.','https://leeheeseng.github.io/uploadfront/coverimg/image_81.jpg','정말 흥미롭고 독창적인 이야기입니다.',3.51,'창의력 키우기','2017-01-30',25),(91,34,5,11087,'무라카미 하루키','한겨레출판','이 책은 사랑, 인생, 그리고 시간에 대한 깊은 성찰을 담고 있습니다.','https://leeheeseng.github.io/uploadfront/coverimg/image_58.jpg','정말 흥미롭고 독창적인 이야기입니다.',1.87,'어린이의 세계','2020-05-22',28),(92,35,5,24100,'조정래','민음사','한 편의 영화처럼, 손에서 놓을 수 없는 감동과 서스펜스를 선사합니다.','https://leeheeseng.github.io/uploadfront/coverimg/image_44.jpg','누구에게나 추천하고 싶은 책입니다.',2.12,'동화나라','2017-12-16',29),(93,36,5,29899,'베르나르 베르베르','문학동네','이 책은 사랑, 인생, 그리고 시간에 대한 깊은 성찰을 담고 있습니다.','https://leeheeseng.github.io/uploadfront/coverimg/image_38.jpg','누구에게나 추천하고 싶은 책입니다.',1.67,'어린이 과학 탐험','2020-11-05',13),(94,37,5,21346,'베르나르 베르베르','문학동네','이 책은 사랑, 인생, 그리고 시간에 대한 깊은 성찰을 담고 있습니다.','https://leeheeseng.github.io/uploadfront/coverimg/image_54.jpg','책을 덮고도 여운이 길게 남는 작품이에요.',1.73,'어린이 과학 탐험','2019-06-22',7),(95,38,5,15593,'조정래','문학동네','작가의 독창적 상상력이 빛나는 작품, 지금 만나보세요!','https://leeheeseng.github.io/uploadfront/coverimg/image_63.jpg','책을 덮고도 여운이 길게 남는 작품이에요.',3.01,'동화나라','2023-01-03',11),(96,50,1,25895,'김훈','위즈덤하우스','한 편의 영화처럼, 손에서 놓을 수 없는 감동과 서스펜스를 선사합니다.','https://leeheeseng.github.io/uploadfront/coverimg/image_56.jpg','누구에게나 추천하고 싶은 책입니다.',3.09,'살인자의 기억법','2022-06-25',1),(97,71,2,12457,'김훈','한겨레출판','한 편의 영화처럼, 손에서 놓을 수 없는 감동과 서스펜스를 선사합니다.','https://leeheeseng.github.io/uploadfront/coverimg/image_87.jpg','정말 흥미롭고 독창적인 이야기입니다.',1.85,'경제학의 기초','2022-12-23',21),(98,74,2,12901,'정유정','열린책들','이 책은 사랑, 인생, 그리고 시간에 대한 깊은 성찰을 담고 있습니다.','https://leeheeseng.github.io/uploadfront/coverimg/image_82.jpg','누구에게나 추천하고 싶은 책입니다.',1.50,'철학자의 길','2020-07-11',18),(99,90,3,12607,'김훈','한겨레출판','작가의 독창적 상상력이 빛나는 작품, 지금 만나보세요!','https://leeheeseng.github.io/uploadfront/coverimg/image_54.jpg','정말 흥미롭고 독창적인 이야기입니다.',3.10,'우주의 비밀','2015-11-20',19),(100,57,1,24565,'베르나르 베르베르','문학동네','한 편의 영화처럼, 손에서 놓을 수 없는 감동과 서스펜스를 선사합니다.','https://leeheeseng.github.io/uploadfront/coverimg/image_19.jpg','책을 덮고도 여운이 길게 남는 작품이에요.',2.92,'철학은 어떻게 삶의 무기가 되는가','2017-02-16',44),(101,61,2,23983,'히가시노 게이고','위즈덤하우스','한 편의 영화처럼, 손에서 놓을 수 없는 감동과 서스펜스를 선사합니다.','https://leeheeseng.github.io/uploadfront/coverimg/image_18.jpg','정말 흥미롭고 독창적인 이야기입니다.',2.16,'경제학의 기초','2021-12-30',46),(102,61,2,17227,'김훈','문학동네','작가의 독창적 상상력이 빛나는 작품, 지금 만나보세요!','https://leeheeseng.github.io/uploadfront/coverimg/image_29.jpg','정말 흥미롭고 독창적인 이야기입니다.',1.72,'경제학의 기초','2019-02-03',30),(103,51,1,27088,'김훈','한겨레출판','이 책은 사랑, 인생, 그리고 시간에 대한 깊은 성찰을 담고 있습니다.','https://leeheeseng.github.io/uploadfront/coverimg/image_82.jpg','책을 덮고도 여운이 길게 남는 작품이에요.',2.76,'철학은 어떻게 삶의 무기가 되는가','2022-08-01',24),(104,40,1,23811,'정유정','열린책들','작가의 독창적 상상력이 빛나는 작품, 지금 만나보세요!','https://leeheeseng.github.io/uploadfront/coverimg/image_52.jpg','책을 덮고도 여운이 길게 남는 작품이에요.',4.46,'살인자의 기억법','2023-05-21',33),(105,103,4,18213,'조정래','열린책들','작가의 독창적 상상력이 빛나는 작품, 지금 만나보세요!','https://leeheeseng.github.io/uploadfront/coverimg/image_8.jpg','정말 흥미롭고 독창적인 이야기입니다.',4.22,'미술의 세계','2022-02-16',47),(106,92,3,10688,'베르나르 베르베르','현대문학','한 편의 영화처럼, 손에서 놓을 수 없는 감동과 서스펜스를 선사합니다.','https://leeheeseng.github.io/uploadfront/coverimg/image_58.jpg','책을 덮고도 여운이 길게 남는 작품이에요.',1.86,'기술 혁명','2022-01-21',25),(107,65,2,23267,'히가시노 게이고','위즈덤하우스','작가의 독창적 상상력이 빛나는 작품, 지금 만나보세요!','https://leeheeseng.github.io/uploadfront/coverimg/image_82.jpg','누구에게나 추천하고 싶은 책입니다.',4.61,'철학자의 길','2020-07-07',45),(108,90,3,15081,'히가시노 게이고','문학동네','이 책은 사랑, 인생, 그리고 시간에 대한 깊은 성찰을 담고 있습니다.','https://leeheeseng.github.io/uploadfront/coverimg/image_52.jpg','누구에게나 추천하고 싶은 책입니다.',1.34,'지구와 환경의 이해','2019-04-01',6),(109,106,4,14576,'조정래','문학동네','작가의 독창적 상상력이 빛나는 작품, 지금 만나보세요!','https://leeheeseng.github.io/uploadfront/coverimg/image_10.jpg','정말 흥미롭고 독창적인 이야기입니다.',3.93,'사진으로 보는 세상','2016-07-23',24),(110,21,5,21839,'히가시노 게이고','열린책들','한 편의 영화처럼, 손에서 놓을 수 없는 감동과 서스펜스를 선사합니다.','https://leeheeseng.github.io/uploadfront/coverimg/image_68.jpg','책을 덮고도 여운이 길게 남는 작품이에요.',2.52,'창의력 키우기','2024-11-07',37),(111,37,5,14128,'조정래','한겨레출판','한 편의 영화처럼, 손에서 놓을 수 없는 감동과 서스펜스를 선사합니다.','https://leeheeseng.github.io/uploadfront/coverimg/image_34.jpg','누구에게나 추천하고 싶은 책입니다.',2.74,'동화나라','2024-12-14',0),(112,78,3,28543,'무라카미 하루키','민음사','작가의 독창적 상상력이 빛나는 작품, 지금 만나보세요!','https://leeheeseng.github.io/uploadfront/coverimg/image_52.jpg','정말 흥미롭고 독창적인 이야기입니다.',1.92,'미래의 과학','2021-11-13',45),(113,114,4,20132,'히가시노 게이고','민음사','이 책은 사랑, 인생, 그리고 시간에 대한 깊은 성찰을 담고 있습니다.','https://leeheeseng.github.io/uploadfront/coverimg/image_62.jpg','누구에게나 추천하고 싶은 책입니다.',2.30,'미술의 세계','2020-02-10',36),(114,63,2,23535,'베르나르 베르베르','한겨레출판','작가의 독창적 상상력이 빛나는 작품, 지금 만나보세요!','https://leeheeseng.github.io/uploadfront/coverimg/image_61.jpg','책을 덮고도 여운이 길게 남는 작품이에요.',3.48,'인간 심리의 비밀','2022-03-25',22),(115,99,4,21229,'김훈','위즈덤하우스','이 책은 사랑, 인생, 그리고 시간에 대한 깊은 성찰을 담고 있습니다.','https://leeheeseng.github.io/uploadfront/coverimg/image_23.jpg','누구에게나 추천하고 싶은 책입니다.',1.27,'디자인의 혁명','2023-02-19',5),(116,98,4,15307,'조정래','위즈덤하우스','이 책은 사랑, 인생, 그리고 시간에 대한 깊은 성찰을 담고 있습니다.','https://leeheeseng.github.io/uploadfront/coverimg/image_17.jpg','책을 덮고도 여운이 길게 남는 작품이에요.',4.44,'사진으로 보는 세상','2023-07-18',33),(117,71,2,28309,'정유정','한겨레출판','한 편의 영화처럼, 손에서 놓을 수 없는 감동과 서스펜스를 선사합니다.','https://leeheeseng.github.io/uploadfront/coverimg/image_11.jpg','누구에게나 추천하고 싶은 책입니다.',2.42,'철학자의 길','2018-05-15',41),(118,88,3,25380,'무라카미 하루키','현대문학','이 책은 사랑, 인생, 그리고 시간에 대한 깊은 성찰을 담고 있습니다.','https://leeheeseng.github.io/uploadfront/coverimg/image_87.jpg','책을 덮고도 여운이 길게 남는 작품이에요.',4.62,'미래의 과학','2024-10-05',1),(119,77,3,27796,'무라카미 하루키','문학동네','한 편의 영화처럼, 손에서 놓을 수 없는 감동과 서스펜스를 선사합니다.','https://leeheeseng.github.io/uploadfront/coverimg/image_41.jpg','책을 덮고도 여운이 길게 남는 작품이에요.',4.26,'양자역학 이야기','2017-06-14',20),(120,39,1,16158,'김훈','문학동네','한 편의 영화처럼, 손에서 놓을 수 없는 감동과 서스펜스를 선사합니다.','https://leeheeseng.github.io/uploadfront/coverimg/image_27.jpg','책을 덮고도 여운이 길게 남는 작품이에요.',2.45,'철학은 어떻게 삶의 무기가 되는가','2022-10-04',32),(121,40,1,28445,'김훈','문학동네','이 책은 사랑, 인생, 그리고 시간에 대한 깊은 성찰을 담고 있습니다.','https://leeheeseng.github.io/uploadfront/coverimg/image_7.jpg','책을 덮고도 여운이 길게 남는 작품이에요.',1.82,'살인자의 기억법','2015-12-04',34),(122,98,4,22728,'베르나르 베르베르','한겨레출판','한 편의 영화처럼, 손에서 놓을 수 없는 감동과 서스펜스를 선사합니다.','https://leeheeseng.github.io/uploadfront/coverimg/image_37.jpg','책을 덮고도 여운이 길게 남는 작품이에요.',4.50,'영화의 역사를 따라','2024-01-24',40),(123,57,1,21788,'조정래','열린책들','한 편의 영화처럼, 손에서 놓을 수 없는 감동과 서스펜스를 선사합니다.','https://leeheeseng.github.io/uploadfront/coverimg/image_70.jpg','정말 흥미롭고 독창적인 이야기입니다.',3.33,'너의 이름은','2016-10-02',11),(124,94,3,21526,'김훈','열린책들','이 책은 사랑, 인생, 그리고 시간에 대한 깊은 성찰을 담고 있습니다.','https://leeheeseng.github.io/uploadfront/coverimg/image_54.jpg','누구에게나 추천하고 싶은 책입니다.',2.50,'기술 혁명','2019-08-31',24),(125,66,2,16847,'김훈','위즈덤하우스','한 편의 영화처럼, 손에서 놓을 수 없는 감동과 서스펜스를 선사합니다.','https://leeheeseng.github.io/uploadfront/coverimg/image_57.jpg','책을 덮고도 여운이 길게 남는 작품이에요.',4.06,'경제학의 기초','2019-04-19',21),(126,103,4,25111,'무라카미 하루키','열린책들','작가의 독창적 상상력이 빛나는 작품, 지금 만나보세요!','https://leeheeseng.github.io/uploadfront/coverimg/image_29.jpg','누구에게나 추천하고 싶은 책입니다.',4.96,'디자인의 혁명','2024-10-22',25),(127,104,4,23550,'무라카미 하루키','한겨레출판','이 책은 사랑, 인생, 그리고 시간에 대한 깊은 성찰을 담고 있습니다.','https://leeheeseng.github.io/uploadfront/coverimg/image_56.jpg','누구에게나 추천하고 싶은 책입니다.',4.53,'미술의 세계','2022-02-24',28),(128,39,1,28705,'김훈','한겨레출판','한 편의 영화처럼, 손에서 놓을 수 없는 감동과 서스펜스를 선사합니다.','https://leeheeseng.github.io/uploadfront/coverimg/image_11.jpg','누구에게나 추천하고 싶은 책입니다.',1.25,'종의 기원','2020-05-11',16),(129,109,4,27515,'정유정','민음사','이 책은 사랑, 인생, 그리고 시간에 대한 깊은 성찰을 담고 있습니다.','https://leeheeseng.github.io/uploadfront/coverimg/image_57.jpg','정말 흥미롭고 독창적인 이야기입니다.',2.70,'음악의 매력','2019-06-21',33),(130,112,4,23855,'조정래','열린책들','이 책은 사랑, 인생, 그리고 시간에 대한 깊은 성찰을 담고 있습니다.','https://leeheeseng.github.io/uploadfront/coverimg/image_70.jpg','누구에게나 추천하고 싶은 책입니다.',2.71,'음악의 매력','2020-02-02',35),(131,67,2,19335,'무라카미 하루키','열린책들','이 책은 사랑, 인생, 그리고 시간에 대한 깊은 성찰을 담고 있습니다.','https://leeheeseng.github.io/uploadfront/coverimg/image_85.jpg','누구에게나 추천하고 싶은 책입니다.',4.04,'인간 심리의 비밀','2020-03-20',37),(132,54,1,26385,'베르나르 베르베르','위즈덤하우스','이 책은 사랑, 인생, 그리고 시간에 대한 깊은 성찰을 담고 있습니다.','https://leeheeseng.github.io/uploadfront/coverimg/image_32.jpg','정말 흥미롭고 독창적인 이야기입니다.',2.90,'밤의 여행자들','2022-04-23',32),(133,86,3,29240,'정유정','한겨레출판','작가의 독창적 상상력이 빛나는 작품, 지금 만나보세요!','https://leeheeseng.github.io/uploadfront/coverimg/image_76.jpg','책을 덮고도 여운이 길게 남는 작품이에요.',2.63,'지구와 환경의 이해','2021-02-24',39),(134,47,1,29841,'정유정','현대문학','한 편의 영화처럼, 손에서 놓을 수 없는 감동과 서스펜스를 선사합니다.','https://leeheeseng.github.io/uploadfront/coverimg/image_11.jpg','책을 덮고도 여운이 길게 남는 작품이에요.',1.68,'철학은 어떻게 삶의 무기가 되는가','2017-04-18',14),(135,58,2,14399,'무라카미 하루키','위즈덤하우스','작가의 독창적 상상력이 빛나는 작품, 지금 만나보세요!','https://leeheeseng.github.io/uploadfront/coverimg/image_90.jpg','책을 덮고도 여운이 길게 남는 작품이에요.',3.69,'사회의 미래','2024-07-23',3),(136,52,1,17996,'정유정','열린책들','한 편의 영화처럼, 손에서 놓을 수 없는 감동과 서스펜스를 선사합니다.','https://leeheeseng.github.io/uploadfront/coverimg/image_53.jpg','누구에게나 추천하고 싶은 책입니다.',3.37,'이 멋진세계에 축복을','2021-11-15',43),(137,114,4,22069,'정유정','열린책들','이 책은 사랑, 인생, 그리고 시간에 대한 깊은 성찰을 담고 있습니다.','https://leeheeseng.github.io/uploadfront/coverimg/image_81.jpg','정말 흥미롭고 독창적인 이야기입니다.',3.25,'디자인의 혁명','2015-12-02',44),(138,101,4,17234,'히가시노 게이고','문학동네','한 편의 영화처럼, 손에서 놓을 수 없는 감동과 서스펜스를 선사합니다.','https://leeheeseng.github.io/uploadfront/coverimg/image_62.jpg','책을 덮고도 여운이 길게 남는 작품이에요.',2.82,'디자인의 혁명','2024-01-30',46),(139,110,4,25088,'히가시노 게이고','위즈덤하우스','한 편의 영화처럼, 손에서 놓을 수 없는 감동과 서스펜스를 선사합니다.','https://leeheeseng.github.io/uploadfront/coverimg/image_62.jpg','누구에게나 추천하고 싶은 책입니다.',1.25,'디자인의 혁명','2019-12-13',2),(140,78,3,18835,'히가시노 게이고','열린책들','한 편의 영화처럼, 손에서 놓을 수 없는 감동과 서스펜스를 선사합니다.','https://leeheeseng.github.io/uploadfront/coverimg/image_30.jpg','책을 덮고도 여운이 길게 남는 작품이에요.',4.79,'우주의 비밀','2018-06-15',0),(141,105,4,27930,'정유정','한겨레출판','이 책은 사랑, 인생, 그리고 시간에 대한 깊은 성찰을 담고 있습니다.','https://leeheeseng.github.io/uploadfront/coverimg/image_47.jpg','누구에게나 추천하고 싶은 책입니다.',2.04,'음악의 매력','2018-01-22',35),(142,21,5,10918,'히가시노 게이고','현대문학','이 책은 사랑, 인생, 그리고 시간에 대한 깊은 성찰을 담고 있습니다.','https://leeheeseng.github.io/uploadfront/coverimg/image_48.jpg','누구에게나 추천하고 싶은 책입니다.',2.20,'어린이 과학 탐험','2019-09-04',49),(143,86,3,25119,'조정래','위즈덤하우스','한 편의 영화처럼, 손에서 놓을 수 없는 감동과 서스펜스를 선사합니다.','https://leeheeseng.github.io/uploadfront/coverimg/image_8.jpg','책을 덮고도 여운이 길게 남는 작품이에요.',1.07,'지구와 환경의 이해','2016-03-26',24),(144,100,4,13456,'조정래','민음사','한 편의 영화처럼, 손에서 놓을 수 없는 감동과 서스펜스를 선사합니다.','https://leeheeseng.github.io/uploadfront/coverimg/image_65.jpg','정말 흥미롭고 독창적인 이야기입니다.',2.47,'디자인의 혁명','2023-12-13',13),(145,23,5,11431,'정유정','한겨레출판','한 편의 영화처럼, 손에서 놓을 수 없는 감동과 서스펜스를 선사합니다.','https://leeheeseng.github.io/uploadfront/coverimg/image_31.jpg','책을 덮고도 여운이 길게 남는 작품이에요.',4.00,'어린이의 세계','2023-12-21',27),(146,52,1,16197,'무라카미 하루키','한겨레출판','한 편의 영화처럼, 손에서 놓을 수 없는 감동과 서스펜스를 선사합니다.','https://leeheeseng.github.io/uploadfront/coverimg/image_41.jpg','누구에게나 추천하고 싶은 책입니다.',1.95,'살인자의 기억법','2016-08-22',38),(147,52,1,28073,'정유정','현대문학','이 책은 사랑, 인생, 그리고 시간에 대한 깊은 성찰을 담고 있습니다.','https://leeheeseng.github.io/uploadfront/coverimg/image_19.jpg','누구에게나 추천하고 싶은 책입니다.',5.00,'이 멋진세계에 축복을','2016-05-13',40),(148,52,1,26749,'베르나르 베르베르','문학동네','작가의 독창적 상상력이 빛나는 작품, 지금 만나보세요!','https://leeheeseng.github.io/uploadfront/coverimg/image_53.jpg','누구에게나 추천하고 싶은 책입니다.',3.59,'살인자의 기억법','2024-10-06',33),(149,52,1,26231,'무라카미 하루키','문학동네','작가의 독창적 상상력이 빛나는 작품, 지금 만나보세요!','https://leeheeseng.github.io/uploadfront/coverimg/image_28.jpg','책을 덮고도 여운이 길게 남는 작품이에요.',4.34,'철학은 어떻게 삶의 무기가 되는가','2024-08-05',40),(150,21,5,21982,'베르나르 베르베르','열린책들','작가의 독창적 상상력이 빛나는 작품, 지금 만나보세요!','https://leeheeseng.github.io/uploadfront/coverimg/image_63.jpg','누구에게나 추천하고 싶은 책입니다.',3.66,'창의력 키우기','2025-01-01',32),(151,25,5,28733,'정유정','열린책들','작가의 독창적 상상력이 빛나는 작품, 지금 만나보세요!','https://leeheeseng.github.io/uploadfront/coverimg/image_47.jpg','누구에게나 추천하고 싶은 책입니다.',4.44,'어린이 과학 탐험','2024-12-21',43),(152,94,3,12991,'히가시노 게이고','한겨레출판','작가의 독창적 상상력이 빛나는 작품, 지금 만나보세요!','https://leeheeseng.github.io/uploadfront/coverimg/image_39.jpg','책을 덮고도 여운이 길게 남는 작품이에요.',3.21,'지구와 환경의 이해','2021-04-06',20),(153,20,5,22119,'무라카미 하루키','현대문학','이 책은 사랑, 인생, 그리고 시간에 대한 깊은 성찰을 담고 있습니다.','https://leeheeseng.github.io/uploadfront/coverimg/image_50.jpg','누구에게나 추천하고 싶은 책입니다.',1.77,'어린이의 세계','2021-09-27',42),(154,65,2,23584,'정유정','문학동네','이 책은 사랑, 인생, 그리고 시간에 대한 깊은 성찰을 담고 있습니다.','https://leeheeseng.github.io/uploadfront/coverimg/image_39.jpg','정말 흥미롭고 독창적인 이야기입니다.',2.46,'철학자의 길','2018-09-23',16),(155,65,2,29180,'무라카미 하루키','민음사','작가의 독창적 상상력이 빛나는 작품, 지금 만나보세요!','https://leeheeseng.github.io/uploadfront/coverimg/image_38.jpg','누구에게나 추천하고 싶은 책입니다.',1.14,'철학자의 길','2022-02-01',1),(156,43,1,12055,'무라카미 하루키','위즈덤하우스','한 편의 영화처럼, 손에서 놓을 수 없는 감동과 서스펜스를 선사합니다.','https://leeheeseng.github.io/uploadfront/coverimg/image_70.jpg','정말 흥미롭고 독창적인 이야기입니다.',3.58,'밤의 여행자들','2016-06-05',0),(157,47,1,18571,'히가시노 게이고','현대문학','이 책은 사랑, 인생, 그리고 시간에 대한 깊은 성찰을 담고 있습니다.','https://leeheeseng.github.io/uploadfront/coverimg/image_53.jpg','책을 덮고도 여운이 길게 남는 작품이에요.',3.72,'이 멋진세계에 축복을','2016-06-26',46),(158,106,4,22913,'정유정','열린책들','작가의 독창적 상상력이 빛나는 작품, 지금 만나보세요!','https://leeheeseng.github.io/uploadfront/coverimg/image_46.jpg','정말 흥미롭고 독창적인 이야기입니다.',1.14,'음악의 매력','2023-07-01',5),(159,87,3,15818,'무라카미 하루키','현대문학','한 편의 영화처럼, 손에서 놓을 수 없는 감동과 서스펜스를 선사합니다.','https://leeheeseng.github.io/uploadfront/coverimg/image_68.jpg','누구에게나 추천하고 싶은 책입니다.',1.57,'양자역학 이야기','2020-05-01',20),(160,66,2,24649,'김훈','현대문학','한 편의 영화처럼, 손에서 놓을 수 없는 감동과 서스펜스를 선사합니다.','https://leeheeseng.github.io/uploadfront/coverimg/image_17.jpg','정말 흥미롭고 독창적인 이야기입니다.',2.39,'경제학의 기초','2015-11-24',7),(161,54,1,14544,'조정래','위즈덤하우스','작가의 독창적 상상력이 빛나는 작품, 지금 만나보세요!','https://leeheeseng.github.io/uploadfront/coverimg/image_54.jpg','정말 흥미롭고 독창적인 이야기입니다.',4.70,'너의 이름은','2016-03-05',13),(162,100,4,15384,'히가시노 게이고','문학동네','이 책은 사랑, 인생, 그리고 시간에 대한 깊은 성찰을 담고 있습니다.','https://leeheeseng.github.io/uploadfront/coverimg/image_37.jpg','정말 흥미롭고 독창적인 이야기입니다.',1.88,'사진으로 보는 세상','2022-01-22',30),(163,100,4,12096,'정유정','문학동네','한 편의 영화처럼, 손에서 놓을 수 없는 감동과 서스펜스를 선사합니다.','https://leeheeseng.github.io/uploadfront/coverimg/image_18.jpg','책을 덮고도 여운이 길게 남는 작품이에요.',2.46,'디자인의 혁명','2023-06-02',49),(164,102,4,16701,'히가시노 게이고','열린책들','작가의 독창적 상상력이 빛나는 작품, 지금 만나보세요!','https://leeheeseng.github.io/uploadfront/coverimg/image_62.jpg','누구에게나 추천하고 싶은 책입니다.',2.83,'디자인의 혁명','2020-02-03',36),(165,21,5,25930,'베르나르 베르베르','민음사','한 편의 영화처럼, 손에서 놓을 수 없는 감동과 서스펜스를 선사합니다.','https://leeheeseng.github.io/uploadfront/coverimg/image_74.jpg','책을 덮고도 여운이 길게 남는 작품이에요.',1.99,'창의력 키우기','2016-09-01',28),(166,71,2,11341,'조정래','위즈덤하우스','작가의 독창적 상상력이 빛나는 작품, 지금 만나보세요!','https://leeheeseng.github.io/uploadfront/coverimg/image_88.jpg','누구에게나 추천하고 싶은 책입니다.',2.33,'정치의 법칙','2023-08-09',45),(167,65,2,10330,'정유정','민음사','한 편의 영화처럼, 손에서 놓을 수 없는 감동과 서스펜스를 선사합니다.','https://leeheeseng.github.io/uploadfront/coverimg/image_33.jpg','누구에게나 추천하고 싶은 책입니다.',1.98,'정치의 법칙','2022-02-11',44),(168,34,5,19166,'정유정','민음사','작가의 독창적 상상력이 빛나는 작품, 지금 만나보세요!','https://leeheeseng.github.io/uploadfront/coverimg/image_75.jpg','정말 흥미롭고 독창적인 이야기입니다.',2.30,'어린이의 세계','2019-02-13',41),(169,43,1,22867,'정유정','현대문학','작가의 독창적 상상력이 빛나는 작품, 지금 만나보세요!','https://leeheeseng.github.io/uploadfront/coverimg/image_92.jpg','누구에게나 추천하고 싶은 책입니다.',2.59,'너의 이름은','2024-03-07',39),(170,56,1,14059,'히가시노 게이고','문학동네','이 책은 사랑, 인생, 그리고 시간에 대한 깊은 성찰을 담고 있습니다.','https://leeheeseng.github.io/uploadfront/coverimg/image_51.jpg','누구에게나 추천하고 싶은 책입니다.',1.68,'밤의 여행자들','2015-07-30',24),(171,112,4,10175,'베르나르 베르베르','현대문학','이 책은 사랑, 인생, 그리고 시간에 대한 깊은 성찰을 담고 있습니다.','https://leeheeseng.github.io/uploadfront/coverimg/image_64.jpg','정말 흥미롭고 독창적인 이야기입니다.',2.19,'미술의 세계','2017-01-12',10),(172,71,2,25788,'무라카미 하루키','민음사','이 책은 사랑, 인생, 그리고 시간에 대한 깊은 성찰을 담고 있습니다.','https://leeheeseng.github.io/uploadfront/coverimg/image_72.jpg','책을 덮고도 여운이 길게 남는 작품이에요.',2.14,'인간 심리의 비밀','2019-03-08',29),(173,114,4,18371,'김훈','위즈덤하우스','작가의 독창적 상상력이 빛나는 작품, 지금 만나보세요!','https://leeheeseng.github.io/uploadfront/coverimg/image_74.jpg','누구에게나 추천하고 싶은 책입니다.',4.92,'디자인의 혁명','2017-11-09',49),(174,70,2,14183,'베르나르 베르베르','열린책들','작가의 독창적 상상력이 빛나는 작품, 지금 만나보세요!','https://leeheeseng.github.io/uploadfront/coverimg/image_59.jpg','정말 흥미롭고 독창적인 이야기입니다.',4.38,'철학자의 길','2019-06-10',26),(175,44,1,19233,'정유정','위즈덤하우스','이 책은 사랑, 인생, 그리고 시간에 대한 깊은 성찰을 담고 있습니다.','https://leeheeseng.github.io/uploadfront/coverimg/image_69.jpg','누구에게나 추천하고 싶은 책입니다.',2.91,'밤의 여행자들','2018-12-24',14),(176,32,5,24297,'정유정','문학동네','한 편의 영화처럼, 손에서 놓을 수 없는 감동과 서스펜스를 선사합니다.','https://leeheeseng.github.io/uploadfront/coverimg/image_70.jpg','정말 흥미롭고 독창적인 이야기입니다.',3.38,'미래를 여는 청소년','2024-01-30',23),(177,39,1,11719,'조정래','열린책들','한 편의 영화처럼, 손에서 놓을 수 없는 감동과 서스펜스를 선사합니다.','https://leeheeseng.github.io/uploadfront/coverimg/image_52.jpg','정말 흥미롭고 독창적인 이야기입니다.',3.02,'이 멋진세계에 축복을','2015-10-28',29),(178,40,1,27901,'조정래','한겨레출판','작가의 독창적 상상력이 빛나는 작품, 지금 만나보세요!','https://leeheeseng.github.io/uploadfront/coverimg/image_43.jpg','정말 흥미롭고 독창적인 이야기입니다.',4.14,'종의 기원','2016-02-23',0),(179,100,4,16491,'정유정','한겨레출판','이 책은 사랑, 인생, 그리고 시간에 대한 깊은 성찰을 담고 있습니다.','https://leeheeseng.github.io/uploadfront/coverimg/image_52.jpg','책을 덮고도 여운이 길게 남는 작품이에요.',1.25,'미술의 세계','2017-10-23',39),(180,73,2,24107,'히가시노 게이고','문학동네','이 책은 사랑, 인생, 그리고 시간에 대한 깊은 성찰을 담고 있습니다.','https://leeheeseng.github.io/uploadfront/coverimg/image_38.jpg','정말 흥미롭고 독창적인 이야기입니다.',4.10,'사회의 미래','2020-12-23',0),(181,78,3,20402,'정유정','열린책들','작가의 독창적 상상력이 빛나는 작품, 지금 만나보세요!','https://leeheeseng.github.io/uploadfront/coverimg/image_29.jpg','누구에게나 추천하고 싶은 책입니다.',4.29,'기술 혁명','2025-03-19',7),(182,71,2,29247,'조정래','한겨레출판','한 편의 영화처럼, 손에서 놓을 수 없는 감동과 서스펜스를 선사합니다.','https://leeheeseng.github.io/uploadfront/coverimg/image_25.jpg','정말 흥미롭고 독창적인 이야기입니다.',1.20,'인간 심리의 비밀','2025-02-01',11),(183,102,4,16445,'김훈','현대문학','작가의 독창적 상상력이 빛나는 작품, 지금 만나보세요!','https://leeheeseng.github.io/uploadfront/coverimg/image_32.jpg','책을 덮고도 여운이 길게 남는 작품이에요.',2.18,'사진으로 보는 세상','2021-08-30',31),(184,75,2,18481,'조정래','현대문학','한 편의 영화처럼, 손에서 놓을 수 없는 감동과 서스펜스를 선사합니다.','https://leeheeseng.github.io/uploadfront/coverimg/image_79.jpg','책을 덮고도 여운이 길게 남는 작품이에요.',2.70,'경제학의 기초','2018-06-18',37),(185,69,2,12777,'히가시노 게이고','열린책들','이 책은 사랑, 인생, 그리고 시간에 대한 깊은 성찰을 담고 있습니다.','https://leeheeseng.github.io/uploadfront/coverimg/image_27.jpg','정말 흥미롭고 독창적인 이야기입니다.',4.49,'경제학의 기초','2016-06-03',5),(186,108,4,16687,'히가시노 게이고','문학동네','작가의 독창적 상상력이 빛나는 작품, 지금 만나보세요!','https://leeheeseng.github.io/uploadfront/coverimg/image_72.jpg','책을 덮고도 여운이 길게 남는 작품이에요.',4.80,'영화의 역사를 따라','2018-03-31',28),(187,76,2,21297,'정유정','열린책들','작가의 독창적 상상력이 빛나는 작품, 지금 만나보세요!','https://leeheeseng.github.io/uploadfront/coverimg/image_93.jpg','누구에게나 추천하고 싶은 책입니다.',1.62,'경제학의 기초','2017-09-02',15),(188,103,4,28308,'조정래','위즈덤하우스','이 책은 사랑, 인생, 그리고 시간에 대한 깊은 성찰을 담고 있습니다.','https://leeheeseng.github.io/uploadfront/coverimg/image_65.jpg','정말 흥미롭고 독창적인 이야기입니다.',3.40,'미술의 세계','2019-04-24',35),(189,113,4,28774,'정유정','위즈덤하우스','작가의 독창적 상상력이 빛나는 작품, 지금 만나보세요!','https://leeheeseng.github.io/uploadfront/coverimg/image_41.jpg','누구에게나 추천하고 싶은 책입니다.',1.96,'음악의 매력','2022-10-14',19),(190,62,2,12277,'김훈','위즈덤하우스','한 편의 영화처럼, 손에서 놓을 수 없는 감동과 서스펜스를 선사합니다.','https://leeheeseng.github.io/uploadfront/coverimg/image_94.jpg','책을 덮고도 여운이 길게 남는 작품이에요.',1.96,'정치의 법칙','2021-11-21',3),(191,95,3,20311,'히가시노 게이고','민음사','한 편의 영화처럼, 손에서 놓을 수 없는 감동과 서스펜스를 선사합니다.','https://leeheeseng.github.io/uploadfront/coverimg/image_74.jpg','정말 흥미롭고 독창적인 이야기입니다.',3.04,'미래의 과학','2024-03-14',16),(192,32,5,18613,'무라카미 하루키','민음사','한 편의 영화처럼, 손에서 놓을 수 없는 감동과 서스펜스를 선사합니다.','https://leeheeseng.github.io/uploadfront/coverimg/image_83.jpg','정말 흥미롭고 독창적인 이야기입니다.',3.61,'미래를 여는 청소년','2024-12-22',39),(193,27,5,23756,'무라카미 하루키','위즈덤하우스','작가의 독창적 상상력이 빛나는 작품, 지금 만나보세요!','https://leeheeseng.github.io/uploadfront/coverimg/image_11.jpg','정말 흥미롭고 독창적인 이야기입니다.',4.30,'어린이 과학 탐험','2018-10-15',7),(194,40,1,11796,'무라카미 하루키','민음사','한 편의 영화처럼, 손에서 놓을 수 없는 감동과 서스펜스를 선사합니다.','https://leeheeseng.github.io/uploadfront/coverimg/image_66.jpg','정말 흥미롭고 독창적인 이야기입니다.',3.07,'종의 기원','2018-10-01',2),(195,33,5,21135,'무라카미 하루키','문학동네','이 책은 사랑, 인생, 그리고 시간에 대한 깊은 성찰을 담고 있습니다.','https://leeheeseng.github.io/uploadfront/coverimg/image_26.jpg','정말 흥미롭고 독창적인 이야기입니다.',3.67,'창의력 키우기','2017-10-29',2);
/*!40000 ALTER TABLE `bookdetail` ENABLE KEYS */;
UNLOCK TABLES;

--
-- Table structure for table `copyoftop_category`
--

DROP TABLE IF EXISTS `copyoftop_category`;
/*!40101 SET @saved_cs_client     = @@character_set_client */;
/*!50503 SET character_set_client = utf8mb4 */;
CREATE TABLE `copyoftop_category` (
  `Subcategory_Id` int NOT NULL AUTO_INCREMENT,
  `Top_Category_Id` int NOT NULL,
  `Sub_Category_name` varchar(255) NOT NULL,
  PRIMARY KEY (`Subcategory_Id`,`Top_Category_Id`),
  KEY `FK_Top_category_TO_CopyOfTop_category` (`Top_Category_Id`),
  CONSTRAINT `FK_Top_category_TO_CopyOfTop_category` FOREIGN KEY (`Top_Category_Id`) REFERENCES `top_category` (`Top_Category_Id`)
) ENGINE=InnoDB AUTO_INCREMENT=134 DEFAULT CHARSET=utf8mb4 COLLATE=utf8mb4_0900_ai_ci;
/*!40101 SET character_set_client = @saved_cs_client */;

--
-- Dumping data for table `copyoftop_category`
--

LOCK TABLES `copyoftop_category` WRITE;
/*!40000 ALTER TABLE `copyoftop_category` DISABLE KEYS */;
INSERT INTO `copyoftop_category` VALUES (20,5,'유아(0-3세)'),(21,5,'유아(4-7세)'),(22,5,'어린이(초등저학년)'),(23,5,'어린이(초등고학년)'),(24,5,'청소년'),(25,5,'동화/동요'),(26,5,'그림책'),(27,5,'학습만화'),(28,5,'과학/탐구'),(29,5,'역사/인물'),(30,5,'예술/문화'),(31,5,'인성교육'),(32,5,'영어학습'),(33,5,'수학/과학학습'),(34,5,'창의력개발'),(35,5,'청소년소설'),(36,5,'진로/적성'),(37,5,'대학교입시'),(38,5,'자기계발'),(39,1,'한국소설'),(40,1,'영미소설'),(41,1,'일본소설'),(42,1,'중국소설'),(43,1,'추리소설'),(44,1,'공포/미스터리'),(45,1,'판타지소설'),(46,1,'SF소설'),(47,1,'로맨스소설'),(48,1,'역사소설'),(49,1,'고전문학'),(50,1,'현대문학'),(51,1,'시집'),(52,1,'에세이'),(53,1,'희곡'),(54,1,'비평/이론'),(55,1,'수상작품'),(56,1,'독립출판'),(57,1,'오디오북'),(58,2,'철학'),(59,2,'심리학'),(60,2,'종교'),(61,2,'사회학'),(62,2,'정치/외교'),(63,2,'경제/경영'),(64,2,'법학'),(65,2,'교육'),(66,2,'역사'),(67,2,'문화인류학'),(68,2,'언론/미디어'),(69,2,'여성학/젠더'),(70,2,'환경/생태'),(71,2,'자기계발'),(72,2,'인문교양'),(73,2,'고전인문'),(74,2,'사회문제'),(75,2,'글로벌이슈'),(76,2,'인물/전기'),(77,3,'수학'),(78,3,'물리학'),(79,3,'화학'),(80,3,'생물학'),(81,3,'천문학'),(82,3,'지구과학'),(83,3,'의학'),(84,3,'공학'),(85,3,'컴퓨터/IT'),(86,3,'로봇/인공지능'),(87,3,'환경과학'),(88,3,'과학사'),(89,3,'과학교양'),(90,3,'기술/발명'),(91,3,'건축/디자인'),(92,3,'항공/우주'),(93,3,'자연/동식물'),(94,3,'과학수사'),(95,3,'미래과학'),(96,4,'미술'),(97,4,'음악'),(98,4,'사진'),(99,4,'영화/영상'),(100,4,'공연/무용'),(101,4,'디자인'),(102,4,'건축'),(103,4,'공예'),(104,4,'만화/애니메이션'),(105,4,'요리/음료'),(106,4,'원예/정원'),(107,4,'수집/감상'),(108,4,'스포츠/레저'),(109,4,'게임'),(110,4,'여행'),(111,4,'패션/뷰티'),(112,4,'반려동물'),(113,4,'취미일반'),(114,4,'DIY');
/*!40000 ALTER TABLE `copyoftop_category` ENABLE KEYS */;
UNLOCK TABLES;

--
-- Table structure for table `event`
--

DROP TABLE IF EXISTS `event`;
/*!40101 SET @saved_cs_client     = @@character_set_client */;
/*!50503 SET character_set_client = utf8mb4 */;
CREATE TABLE `event` (
  `event_id` bigint NOT NULL AUTO_INCREMENT,
  `Discount_rate` int NOT NULL,
  `book_id` bigint NOT NULL,
  `cover` longtext NOT NULL,
  `big_cover` text NOT NULL,
  `title` varchar(255) NOT NULL,
  `start_date` date NOT NULL,
  `end_date` date NOT NULL,
  PRIMARY KEY (`event_id`),
  KEY `FK_bookdetail_TO_event` (`book_id`),
  CONSTRAINT `FK_bookdetail_TO_event` FOREIGN KEY (`book_id`) REFERENCES `bookdetail` (`book_id`)
) ENGINE=InnoDB AUTO_INCREMENT=132 DEFAULT CHARSET=utf8mb4 COLLATE=utf8mb4_0900_ai_ci;
/*!40101 SET character_set_client = @saved_cs_client */;

--
-- Dumping data for table `event`
--

LOCK TABLES `event` WRITE;
/*!40000 ALTER TABLE `event` DISABLE KEYS */;
INSERT INTO `event` VALUES (1,14,1,'https://leeheeseng.github.io/uploadfront/coverimg/________.jpg','','여름 바캉스 대전','2025-05-09','2026-05-20'),(2,50,2,'https://leeheeseng.github.io/uploadfront/coverimg/_JLPT_.jpg','','신간 도서 프로모션','2025-06-01','2025-08-10'),(3,36,3,'https://leeheeseng.github.io/uploadfront/coverimg/_________.jpg','','가을 독서 이벤트','2025-05-23','2025-10-12'),(4,13,4,'https://leeheeseng.github.io/uploadfront/coverimg/___365___.jpg','','주말 한정 특가','2025-06-01','2026-02-03'),(5,44,5,'https://leeheeseng.github.io/uploadfront/coverimg/_________.jpg','','봄맞이 특별 할인','2025-05-03','2025-06-29'),(6,34,6,'https://leeheeseng.github.io/uploadfront/coverimg/_JLPT_.jpg','','전국 서점 할인전','2025-05-19','2025-11-15'),(7,10,7,'https://leeheeseng.github.io/uploadfront/coverimg/2025___.jpg','','여름 바캉스 대전','2025-06-01','2026-04-03'),(8,15,8,'https://leeheeseng.github.io/uploadfront/coverimg/___.jpg','','마지막 찬스 세일','2025-05-01','2026-03-11'),(9,22,9,'https://leeheeseng.github.io/uploadfront/coverimg/____.jpg','','여름 바캉스 대전','2025-05-06','2025-11-07'),(10,46,10,'https://leeheeseng.github.io/uploadfront/coverimg/________3.jpg','','가을 독서 이벤트','2025-05-31','2025-11-24'),(11,48,11,'https://leeheeseng.github.io/uploadfront/coverimg/________2.jpg','','여름 바캉스 대전','2025-05-30','2025-09-21'),(12,16,12,'https://leeheeseng.github.io/uploadfront/coverimg/__GPT___24___AI________.jpg','','신간 도서 프로모션','2025-05-28','2025-07-27'),(13,21,13,'https://leeheeseng.github.io/uploadfront/coverimg/___365___.jpg','','연말 감사 세일','2025-05-24','2026-05-23'),(14,44,14,'https://leeheeseng.github.io/uploadfront/coverimg/_____.jpg','','신간 도서 프로모션','2025-05-22','2026-04-21'),(15,42,15,'https://leeheeseng.github.io/uploadfront/coverimg/_JLPT_.jpg','','신간 도서 프로모션','2025-05-14','2025-11-26'),(16,47,16,'https://leeheeseng.github.io/uploadfront/coverimg/_________.jpg','','마지막 찬스 세일','2025-05-09','2025-06-17'),(17,17,17,'https://leeheeseng.github.io/uploadfront/coverimg/______.jpg','','신간 도서 프로모션','2025-05-07','2025-07-19'),(18,47,18,'https://leeheeseng.github.io/uploadfront/coverimg/_________.jpg','','신간 도서 프로모션','2025-05-05','2026-02-23'),(19,37,19,'https://leeheeseng.github.io/uploadfront/coverimg/_________.jpg','','신간 도서 프로모션','2025-05-04','2026-02-23'),(20,36,20,'https://leeheeseng.github.io/uploadfront/coverimg/_JLPT_.jpg','','마지막 찬스 세일','2025-05-04','2025-08-25'),(21,43,21,'https://leeheeseng.github.io/uploadfront/coverimg/2025___.jpg','','마지막 찬스 세일','2025-05-24','2026-06-01'),(22,23,22,'https://leeheeseng.github.io/uploadfront/coverimg/_________.jpg','','마지막 찬스 세일','2025-05-10','2025-05-31'),(23,47,23,'https://leeheeseng.github.io/uploadfront/coverimg/___3___.jpg','','마지막 찬스 세일','2025-06-02','2025-10-09'),(24,20,24,'https://leeheeseng.github.io/uploadfront/coverimg/2025___.jpg','','연말 감사 세일','2025-05-08','2025-09-05'),(25,46,25,'https://leeheeseng.github.io/uploadfront/coverimg/_____.jpg','','가을 독서 이벤트','2025-05-22','2025-10-23'),(26,37,26,'https://leeheeseng.github.io/uploadfront/coverimg/X___SUPER_WEEK.jpg','','마지막 찬스 세일','2025-05-08','2026-01-02'),(27,44,27,'https://leeheeseng.github.io/uploadfront/coverimg/____.jpg','','마지막 찬스 세일','2025-05-03','2025-08-27'),(28,36,28,'https://leeheeseng.github.io/uploadfront/coverimg/2025___.jpg','','연말 감사 세일','2025-05-22','2025-06-05'),(29,35,29,'https://leeheeseng.github.io/uploadfront/coverimg/________1.jpg','','역대급 초특가','2025-06-02','2026-03-20'),(30,21,30,'https://leeheeseng.github.io/uploadfront/coverimg/_JLPT_.jpg','','가을 독서 이벤트','2025-05-06','2025-05-23'),(31,49,31,'https://leeheeseng.github.io/uploadfront/coverimg/__GPT___24___AI________.jpg','','봄맞이 특별 할인','2025-05-23','2025-11-19'),(32,26,32,'https://leeheeseng.github.io/uploadfront/coverimg/________.jpg','','신간 도서 프로모션','2025-05-28','2026-01-09'),(33,24,33,'https://leeheeseng.github.io/uploadfront/coverimg/____.jpg','','봄맞이 특별 할인','2025-05-27','2026-05-30'),(34,20,34,'https://leeheeseng.github.io/uploadfront/coverimg/X___SUPER_WEEK.jpg','','마지막 찬스 세일','2025-05-14','2025-08-03'),(35,28,35,'https://leeheeseng.github.io/uploadfront/coverimg/___.jpg','','봄맞이 특별 할인','2025-05-03','2025-06-10'),(36,32,36,'https://leeheeseng.github.io/uploadfront/coverimg/Anti_BREAD_STALING__________.jpg','','전국 서점 할인전','2025-05-07','2026-03-30'),(37,33,37,'https://leeheeseng.github.io/uploadfront/coverimg/_JLPT_.jpg','','신간 도서 프로모션','2025-05-30','2025-06-03'),(38,26,38,'https://leeheeseng.github.io/uploadfront/coverimg/_____.jpg','','봄맞이 특별 할인','2025-05-10','2026-03-04'),(39,16,39,'https://leeheeseng.github.io/uploadfront/coverimg/_____.jpg','','여름 바캉스 대전','2025-05-02','2026-03-29'),(40,50,40,'https://leeheeseng.github.io/uploadfront/coverimg/_______.jpg','','봄맞이 특별 할인','2025-05-08','2025-05-20'),(41,38,41,'https://leeheeseng.github.io/uploadfront/coverimg/X___SUPER_WEEK.jpg','','멤버십 전용 이벤트','2025-05-22','2025-10-28'),(42,24,42,'https://leeheeseng.github.io/uploadfront/coverimg/________1.jpg','','신간 도서 프로모션','2025-05-08','2026-04-23'),(43,43,43,'https://leeheeseng.github.io/uploadfront/coverimg/_JLPT_.jpg','','가을 독서 이벤트','2025-05-30','2026-03-28'),(44,36,44,'https://leeheeseng.github.io/uploadfront/coverimg/_________.jpg','','가을 독서 이벤트','2025-05-08','2026-02-10'),(45,41,45,'https://leeheeseng.github.io/uploadfront/coverimg/___365___.jpg','','전국 서점 할인전','2025-05-17','2026-04-02'),(46,22,46,'https://leeheeseng.github.io/uploadfront/coverimg/____.jpg','','멤버십 전용 이벤트','2025-05-09','2025-06-30'),(47,32,47,'https://leeheeseng.github.io/uploadfront/coverimg/________2.jpg','','주말 한정 특가','2025-05-17','2025-05-19'),(48,27,48,'https://leeheeseng.github.io/uploadfront/coverimg/_________1.jpg','','마지막 찬스 세일','2025-05-27','2025-12-02'),(49,32,49,'https://leeheeseng.github.io/uploadfront/coverimg/2025___.jpg','','연말 감사 세일','2025-05-01','2025-11-03'),(50,34,50,'https://leeheeseng.github.io/uploadfront/coverimg/_________1.jpg','','신간 도서 프로모션','2025-06-01','2026-02-03'),(51,34,51,'https://leeheeseng.github.io/uploadfront/coverimg/___.jpg','','봄맞이 특별 할인','2025-05-11','2026-02-09'),(52,38,52,'https://leeheeseng.github.io/uploadfront/coverimg/_JLPT_.jpg','','멤버십 전용 이벤트','2025-05-08','2026-05-19'),(53,12,53,'https://leeheeseng.github.io/uploadfront/coverimg/________.jpg','','마지막 찬스 세일','2025-05-29','2025-12-09'),(54,31,54,'https://leeheeseng.github.io/uploadfront/coverimg/________.jpg','','마지막 찬스 세일','2025-05-05','2026-03-16'),(55,16,55,'https://leeheeseng.github.io/uploadfront/coverimg/___.jpg','','가을 독서 이벤트','2025-05-13','2026-05-06'),(56,25,56,'https://leeheeseng.github.io/uploadfront/coverimg/___.jpg','','신간 도서 프로모션','2025-05-04','2026-04-15'),(57,28,57,'https://leeheeseng.github.io/uploadfront/coverimg/_______1.jpg','','전국 서점 할인전','2025-05-17','2025-07-07'),(58,45,58,'https://leeheeseng.github.io/uploadfront/coverimg/________2.jpg','','전국 서점 할인전','2025-05-20','2025-10-05'),(59,27,59,'https://leeheeseng.github.io/uploadfront/coverimg/_JLPT_.jpg','','봄맞이 특별 할인','2025-05-18','2026-05-06'),(60,38,60,'https://leeheeseng.github.io/uploadfront/coverimg/__GPT___24___AI________.jpg','','마지막 찬스 세일','2025-05-29','2025-12-19'),(61,23,61,'https://leeheeseng.github.io/uploadfront/coverimg/Anti_BREAD_STALING__________.jpg','','전국 서점 할인전','2025-05-16','2026-03-19'),(62,42,62,'https://leeheeseng.github.io/uploadfront/coverimg/________3.jpg','','신간 도서 프로모션','2025-05-27','2026-05-10'),(63,32,63,'https://leeheeseng.github.io/uploadfront/coverimg/__GPT___24___AI________.jpg','','신간 도서 프로모션','2025-05-18','2026-03-29'),(64,49,64,'https://leeheeseng.github.io/uploadfront/coverimg/____.jpg','','마지막 찬스 세일','2025-05-15','2026-04-09'),(65,42,65,'https://leeheeseng.github.io/uploadfront/coverimg/2025___.jpg','','가을 독서 이벤트','2025-05-18','2026-03-30'),(66,25,66,'https://leeheeseng.github.io/uploadfront/coverimg/2025___.jpg','','주말 한정 특가','2025-05-07','2025-12-24'),(67,24,67,'https://leeheeseng.github.io/uploadfront/coverimg/_____1.jpg','','봄맞이 특별 할인','2025-05-01','2025-06-27'),(68,42,68,'https://leeheeseng.github.io/uploadfront/coverimg/___365___.jpg','','신간 도서 프로모션','2025-05-07','2026-03-11'),(69,33,69,'https://leeheeseng.github.io/uploadfront/coverimg/_____1.jpg','','멤버십 전용 이벤트','2025-05-05','2025-05-06'),(70,39,70,'https://leeheeseng.github.io/uploadfront/coverimg/_____.jpg','','역대급 초특가','2025-05-20','2025-08-10'),(71,35,71,'https://leeheeseng.github.io/uploadfront/coverimg/_________.jpg','','전국 서점 할인전','2025-05-26','2025-06-04'),(72,45,72,'https://leeheeseng.github.io/uploadfront/coverimg/______.jpg','','역대급 초특가','2025-05-11','2025-08-01'),(73,23,73,'https://leeheeseng.github.io/uploadfront/coverimg/_______1.jpg','','연말 감사 세일','2025-05-25','2026-05-28'),(74,34,74,'https://leeheeseng.github.io/uploadfront/coverimg/________3.jpg','','주말 한정 특가','2025-05-20','2026-03-07'),(75,50,75,'https://leeheeseng.github.io/uploadfront/coverimg/_______1.jpg','','역대급 초특가','2025-06-01','2025-06-10'),(76,42,76,'https://leeheeseng.github.io/uploadfront/coverimg/________.jpg','','마지막 찬스 세일','2025-05-24','2025-11-25'),(77,36,77,'https://leeheeseng.github.io/uploadfront/coverimg/__GPT___24___AI________.jpg','','마지막 찬스 세일','2025-06-01','2025-07-20'),(78,15,78,'https://leeheeseng.github.io/uploadfront/coverimg/________3.jpg','','역대급 초특가','2025-05-14','2026-01-07'),(79,32,79,'https://leeheeseng.github.io/uploadfront/coverimg/___365___.jpg','','마지막 찬스 세일','2025-05-24','2025-06-28'),(80,40,80,'https://leeheeseng.github.io/uploadfront/coverimg/___365___.jpg','','멤버십 전용 이벤트','2025-05-06','2025-05-25'),(81,28,81,'https://leeheeseng.github.io/uploadfront/coverimg/_______1.jpg','','전국 서점 할인전','2025-05-08','2026-03-07'),(82,29,82,'https://leeheeseng.github.io/uploadfront/coverimg/_JLPT_.jpg','','전국 서점 할인전','2025-05-06','2025-07-31'),(83,15,83,'https://leeheeseng.github.io/uploadfront/coverimg/X___SUPER_WEEK.jpg','','멤버십 전용 이벤트','2025-05-26','2025-06-21'),(84,18,84,'https://leeheeseng.github.io/uploadfront/coverimg/X___SUPER_WEEK.jpg','','봄맞이 특별 할인','2025-05-02','2026-04-16'),(85,13,85,'https://leeheeseng.github.io/uploadfront/coverimg/____.jpg','','전국 서점 할인전','2025-05-14','2025-11-09'),(86,27,86,'https://leeheeseng.github.io/uploadfront/coverimg/________1.jpg','','전국 서점 할인전','2025-05-26','2025-06-10'),(87,14,87,'https://leeheeseng.github.io/uploadfront/coverimg/_________.jpg','','역대급 초특가','2025-05-19','2026-05-22'),(88,37,88,'https://leeheeseng.github.io/uploadfront/coverimg/________3.jpg','','마지막 찬스 세일','2025-06-02','2025-08-19'),(89,16,89,'https://leeheeseng.github.io/uploadfront/coverimg/_JLPT_.jpg','','멤버십 전용 이벤트','2025-05-03','2025-08-31'),(90,22,90,'https://leeheeseng.github.io/uploadfront/coverimg/2025___.jpg','','주말 한정 특가','2025-05-22','2025-05-25'),(91,22,91,'https://leeheeseng.github.io/uploadfront/coverimg/________1.jpg','','전국 서점 할인전','2025-05-23','2025-07-29'),(92,47,92,'https://leeheeseng.github.io/uploadfront/coverimg/Anti_BREAD_STALING__________.jpg','','역대급 초특가','2025-05-11','2025-12-12'),(93,30,93,'https://leeheeseng.github.io/uploadfront/coverimg/_____1.jpg','','마지막 찬스 세일','2025-06-02','2025-07-04'),(94,38,94,'https://leeheeseng.github.io/uploadfront/coverimg/______.jpg','','마지막 찬스 세일','2025-05-30','2026-01-16'),(95,28,95,'https://leeheeseng.github.io/uploadfront/coverimg/_______1.jpg','','주말 한정 특가','2025-05-08','2026-02-06'),(96,14,96,'https://leeheeseng.github.io/uploadfront/coverimg/___.jpg','','역대급 초특가','2025-05-31','2025-12-31'),(97,15,97,'https://leeheeseng.github.io/uploadfront/coverimg/________.jpg','','신간 도서 프로모션','2025-05-06','2025-10-06'),(98,39,98,'https://leeheeseng.github.io/uploadfront/coverimg/________3.jpg','','신간 도서 프로모션','2025-05-25','2026-01-10'),(99,25,99,'https://leeheeseng.github.io/uploadfront/coverimg/___3___.jpg','','멤버십 전용 이벤트','2025-05-01','2026-04-04'),(100,17,100,'https://leeheeseng.github.io/uploadfront/coverimg/Anti_BREAD_STALING__________.jpg','','신간 도서 프로모션','2025-05-20','2026-05-21'),(101,38,3,'https://leeheeseng.github.io/uploadfront/coverimg/_________1.jpg','big_cover_image_27.jpg','역대급 초특가','2025-05-23','2025-09-25'),(102,40,1,'https://leeheeseng.github.io/uploadfront/coverimg/_________.jpg','big_cover_image_89.jpg','주말 한정 특가','2025-05-28','2025-07-30'),(103,43,6,'https://leeheeseng.github.io/uploadfront/coverimg/______.jpg','big_cover_image_16.jpg','가을 독서 이벤트','2025-05-13','2025-05-16'),(104,24,1,'https://leeheeseng.github.io/uploadfront/coverimg/X___SUPER_WEEK.jpg','big_cover_image_95.jpg','마지막 찬스 세일','2025-05-27','2025-06-12'),(105,25,9,'https://leeheeseng.github.io/uploadfront/coverimg/___3___.jpg','big_cover_image_45.jpg','역대급 초특가','2025-05-21','2025-11-02'),(106,22,5,'https://leeheeseng.github.io/uploadfront/coverimg/_JLPT_.jpg','big_cover_image_62.jpg','여름 바캉스 대전','2025-05-09','2025-08-26'),(107,48,2,'https://leeheeseng.github.io/uploadfront/coverimg/________1.jpg','big_cover_image_37.jpg','연말 감사 세일','2025-05-31','2026-05-05'),(108,13,1,'https://leeheeseng.github.io/uploadfront/coverimg/_______.jpg','big_cover_image_17.jpg','멤버십 전용 이벤트','2025-05-11','2026-04-04'),(109,41,9,'https://leeheeseng.github.io/uploadfront/coverimg/________1.jpg','big_cover_image_16.jpg','멤버십 전용 이벤트','2025-05-01','2026-02-28'),(110,42,1,'https://leeheeseng.github.io/uploadfront/coverimg/_JLPT_.jpg','big_cover_image_20.jpg','전국 서점 할인전','2025-05-02','2026-05-11'),(111,32,3,'https://leeheeseng.github.io/uploadfront/coverimg/___.jpg','big_cover_image_7.jpg','연말 감사 세일','2025-05-13','2026-03-20'),(112,25,8,'https://leeheeseng.github.io/uploadfront/coverimg/____.jpg','big_cover_image_5.jpg','마지막 찬스 세일','2025-05-04','2025-09-19'),(113,34,8,'https://leeheeseng.github.io/uploadfront/coverimg/___365___.jpg','big_cover_image_36.jpg','마지막 찬스 세일','2025-05-18','2025-06-30'),(114,32,9,'https://leeheeseng.github.io/uploadfront/coverimg/_JLPT_.jpg','big_cover_image_58.jpg','가을 독서 이벤트','2025-05-26','2026-04-30'),(115,40,4,'https://leeheeseng.github.io/uploadfront/coverimg/________3.jpg','big_cover_image_20.jpg','마지막 찬스 세일','2025-05-05','2026-05-02'),(116,44,3,'https://leeheeseng.github.io/uploadfront/coverimg/_____1.jpg','big_cover_image_5.jpg','역대급 초특가','2025-05-22','2025-06-18'),(117,22,1,'https://leeheeseng.github.io/uploadfront/coverimg/________2.jpg','big_cover_image_46.jpg','멤버십 전용 이벤트','2025-05-25','2025-09-28'),(118,25,2,'https://leeheeseng.github.io/uploadfront/coverimg/_____.jpg','big_cover_image_88.jpg','전국 서점 할인전','2025-05-10','2025-11-09'),(119,21,8,'https://leeheeseng.github.io/uploadfront/coverimg/________3.jpg','big_cover_image_37.jpg','전국 서점 할인전','2025-05-28','2025-07-08'),(120,34,5,'https://leeheeseng.github.io/uploadfront/coverimg/______.jpg','big_cover_image_67.jpg','신간 도서 프로모션','2025-05-20','2026-01-27'),(121,20,3,'https://leeheeseng.github.io/uploadfront/coverimg/_________1.jpg','big_cover_image_67.jpg','여름 바캉스 대전','2025-05-31','2026-03-22'),(122,36,6,'https://leeheeseng.github.io/uploadfront/coverimg/________2.jpg','big_cover_image_68.jpg','마지막 찬스 세일','2025-05-24','2025-10-17'),(123,39,7,'https://leeheeseng.github.io/uploadfront/coverimg/__GPT___24___AI________.jpg','big_cover_image_82.jpg','멤버십 전용 이벤트','2025-05-25','2026-02-14'),(124,34,5,'https://leeheeseng.github.io/uploadfront/coverimg/______.jpg','big_cover_image_31.jpg','마지막 찬스 세일','2025-05-09','2026-01-02'),(125,36,2,'https://leeheeseng.github.io/uploadfront/coverimg/Anti_BREAD_STALING__________.jpg','big_cover_image_24.jpg','가을 독서 이벤트','2025-05-07','2026-02-26'),(126,37,6,'https://leeheeseng.github.io/uploadfront/coverimg/_________1.jpg','big_cover_image_17.jpg','여름 바캉스 대전','2025-05-11','2025-12-29'),(127,19,3,'https://leeheeseng.github.io/uploadfront/coverimg/_____.jpg','big_cover_image_47.jpg','역대급 초특가','2025-05-07','2025-08-02'),(128,31,8,'https://leeheeseng.github.io/uploadfront/coverimg/_____.jpg','big_cover_image_62.jpg','멤버십 전용 이벤트','2025-05-12','2025-09-29'),(129,19,8,'https://leeheeseng.github.io/uploadfront/coverimg/____.jpg','big_cover_image_38.jpg','전국 서점 할인전','2025-05-28','2025-07-19'),(130,48,6,'https://leeheeseng.github.io/uploadfront/coverimg/________1.jpg','big_cover_image_11.jpg','연말 감사 세일','2025-05-24','2025-12-18'),(131,14,3,'https://leeheeseng.github.io/uploadfront/coverimg/_________.jpg','big_cover_image_44.jpg','역대급 초특가','2025-05-05','2025-07-21');
/*!40000 ALTER TABLE `event` ENABLE KEYS */;
UNLOCK TABLES;

--
-- Table structure for table `eventdetail`
--

DROP TABLE IF EXISTS `eventdetail`;
/*!40101 SET @saved_cs_client     = @@character_set_client */;
/*!50503 SET character_set_client = utf8mb4 */;
CREATE TABLE `eventdetail` (
  `event_detail_id` bigint NOT NULL AUTO_INCREMENT,
  `event_id` bigint NOT NULL,
  `event_detail` text NOT NULL,
  PRIMARY KEY (`event_detail_id`),
  KEY `FK_event_TO_eventdetail` (`event_id`),
  CONSTRAINT `FK_event_TO_eventdetail` FOREIGN KEY (`event_id`) REFERENCES `event` (`event_id`)
) ENGINE=InnoDB AUTO_INCREMENT=132 DEFAULT CHARSET=utf8mb4 COLLATE=utf8mb4_0900_ai_ci;
/*!40101 SET character_set_client = @saved_cs_client */;

--
-- Dumping data for table `eventdetail`
--

LOCK TABLES `eventdetail` WRITE;
/*!40000 ALTER TABLE `eventdetail` DISABLE KEYS */;
INSERT INTO `eventdetail` VALUES (1,1,'한정 수량! 인기 도서를 가장 저렴한 가격에 만나보세요.'),(2,2,'놓치면 후회하는 초특가 이벤트, 지금 바로 확인하세요!'),(3,3,'한정 수량! 인기 도서를 가장 저렴한 가격에 만나보세요.'),(4,4,'한정 수량! 인기 도서를 가장 저렴한 가격에 만나보세요.'),(5,5,'이번 시즌, 책과 함께 특별한 시간을 보내세요.'),(6,6,'한정 수량! 인기 도서를 가장 저렴한 가격에 만나보세요.'),(7,7,'놓치면 후회하는 초특가 이벤트, 지금 바로 확인하세요!'),(8,8,'책을 사랑하는 모든 분들을 위한 특별 이벤트!'),(9,9,'놓치면 후회하는 초특가 이벤트, 지금 바로 확인하세요!'),(10,10,'한정 수량! 인기 도서를 가장 저렴한 가격에 만나보세요.'),(11,11,'한정 수량! 인기 도서를 가장 저렴한 가격에 만나보세요.'),(12,12,'지금 바로 참여하고 최대 50% 할인 혜택을 받아보세요!'),(13,13,'책을 사랑하는 모든 분들을 위한 특별 이벤트!'),(14,14,'지금 바로 참여하고 최대 50% 할인 혜택을 받아보세요!'),(15,15,'한정 수량! 인기 도서를 가장 저렴한 가격에 만나보세요.'),(16,16,'놓치면 후회하는 초특가 이벤트, 지금 바로 확인하세요!'),(17,17,'지금 바로 참여하고 최대 50% 할인 혜택을 받아보세요!'),(18,18,'책을 사랑하는 모든 분들을 위한 특별 이벤트!'),(19,19,'이번 시즌, 책과 함께 특별한 시간을 보내세요.'),(20,20,'이번 시즌, 책과 함께 특별한 시간을 보내세요.'),(21,21,'지금 바로 참여하고 최대 50% 할인 혜택을 받아보세요!'),(22,22,'지금 바로 참여하고 최대 50% 할인 혜택을 받아보세요!'),(23,23,'책을 사랑하는 모든 분들을 위한 특별 이벤트!'),(24,24,'한정 수량! 인기 도서를 가장 저렴한 가격에 만나보세요.'),(25,25,'지금 바로 참여하고 최대 50% 할인 혜택을 받아보세요!'),(26,26,'이번 시즌, 책과 함께 특별한 시간을 보내세요.'),(27,27,'책을 사랑하는 모든 분들을 위한 특별 이벤트!'),(28,28,'놓치면 후회하는 초특가 이벤트, 지금 바로 확인하세요!'),(29,29,'한정 수량! 인기 도서를 가장 저렴한 가격에 만나보세요.'),(30,30,'이번 시즌, 책과 함께 특별한 시간을 보내세요.'),(31,31,'지금 바로 참여하고 최대 50% 할인 혜택을 받아보세요!'),(32,32,'놓치면 후회하는 초특가 이벤트, 지금 바로 확인하세요!'),(33,33,'한정 수량! 인기 도서를 가장 저렴한 가격에 만나보세요.'),(34,34,'책을 사랑하는 모든 분들을 위한 특별 이벤트!'),(35,35,'한정 수량! 인기 도서를 가장 저렴한 가격에 만나보세요.'),(36,36,'이번 시즌, 책과 함께 특별한 시간을 보내세요.'),(37,37,'이번 시즌, 책과 함께 특별한 시간을 보내세요.'),(38,38,'지금 바로 참여하고 최대 50% 할인 혜택을 받아보세요!'),(39,39,'책을 사랑하는 모든 분들을 위한 특별 이벤트!'),(40,40,'한정 수량! 인기 도서를 가장 저렴한 가격에 만나보세요.'),(41,41,'이번 시즌, 책과 함께 특별한 시간을 보내세요.'),(42,42,'놓치면 후회하는 초특가 이벤트, 지금 바로 확인하세요!'),(43,43,'이번 시즌, 책과 함께 특별한 시간을 보내세요.'),(44,44,'놓치면 후회하는 초특가 이벤트, 지금 바로 확인하세요!'),(45,45,'지금 바로 참여하고 최대 50% 할인 혜택을 받아보세요!'),(46,46,'놓치면 후회하는 초특가 이벤트, 지금 바로 확인하세요!'),(47,47,'이번 시즌, 책과 함께 특별한 시간을 보내세요.'),(48,48,'지금 바로 참여하고 최대 50% 할인 혜택을 받아보세요!'),(49,49,'지금 바로 참여하고 최대 50% 할인 혜택을 받아보세요!'),(50,50,'놓치면 후회하는 초특가 이벤트, 지금 바로 확인하세요!'),(51,51,'지금 바로 참여하고 최대 50% 할인 혜택을 받아보세요!'),(52,52,'한정 수량! 인기 도서를 가장 저렴한 가격에 만나보세요.'),(53,53,'놓치면 후회하는 초특가 이벤트, 지금 바로 확인하세요!'),(54,54,'한정 수량! 인기 도서를 가장 저렴한 가격에 만나보세요.'),(55,55,'놓치면 후회하는 초특가 이벤트, 지금 바로 확인하세요!'),(56,56,'한정 수량! 인기 도서를 가장 저렴한 가격에 만나보세요.'),(57,57,'이번 시즌, 책과 함께 특별한 시간을 보내세요.'),(58,58,'놓치면 후회하는 초특가 이벤트, 지금 바로 확인하세요!'),(59,59,'지금 바로 참여하고 최대 50% 할인 혜택을 받아보세요!'),(60,60,'책을 사랑하는 모든 분들을 위한 특별 이벤트!'),(61,61,'한정 수량! 인기 도서를 가장 저렴한 가격에 만나보세요.'),(62,62,'한정 수량! 인기 도서를 가장 저렴한 가격에 만나보세요.'),(63,63,'책을 사랑하는 모든 분들을 위한 특별 이벤트!'),(64,64,'지금 바로 참여하고 최대 50% 할인 혜택을 받아보세요!'),(65,65,'지금 바로 참여하고 최대 50% 할인 혜택을 받아보세요!'),(66,66,'놓치면 후회하는 초특가 이벤트, 지금 바로 확인하세요!'),(67,67,'놓치면 후회하는 초특가 이벤트, 지금 바로 확인하세요!'),(68,68,'지금 바로 참여하고 최대 50% 할인 혜택을 받아보세요!'),(69,69,'한정 수량! 인기 도서를 가장 저렴한 가격에 만나보세요.'),(70,70,'이번 시즌, 책과 함께 특별한 시간을 보내세요.'),(71,71,'지금 바로 참여하고 최대 50% 할인 혜택을 받아보세요!'),(72,72,'책을 사랑하는 모든 분들을 위한 특별 이벤트!'),(73,73,'한정 수량! 인기 도서를 가장 저렴한 가격에 만나보세요.'),(74,74,'이번 시즌, 책과 함께 특별한 시간을 보내세요.'),(75,75,'지금 바로 참여하고 최대 50% 할인 혜택을 받아보세요!'),(76,76,'책을 사랑하는 모든 분들을 위한 특별 이벤트!'),(77,77,'이번 시즌, 책과 함께 특별한 시간을 보내세요.'),(78,78,'지금 바로 참여하고 최대 50% 할인 혜택을 받아보세요!'),(79,79,'이번 시즌, 책과 함께 특별한 시간을 보내세요.'),(80,80,'이번 시즌, 책과 함께 특별한 시간을 보내세요.'),(81,81,'한정 수량! 인기 도서를 가장 저렴한 가격에 만나보세요.'),(82,82,'책을 사랑하는 모든 분들을 위한 특별 이벤트!'),(83,83,'놓치면 후회하는 초특가 이벤트, 지금 바로 확인하세요!'),(84,84,'한정 수량! 인기 도서를 가장 저렴한 가격에 만나보세요.'),(85,85,'지금 바로 참여하고 최대 50% 할인 혜택을 받아보세요!'),(86,86,'지금 바로 참여하고 최대 50% 할인 혜택을 받아보세요!'),(87,87,'지금 바로 참여하고 최대 50% 할인 혜택을 받아보세요!'),(88,88,'책을 사랑하는 모든 분들을 위한 특별 이벤트!'),(89,89,'이번 시즌, 책과 함께 특별한 시간을 보내세요.'),(90,90,'놓치면 후회하는 초특가 이벤트, 지금 바로 확인하세요!'),(91,91,'책을 사랑하는 모든 분들을 위한 특별 이벤트!'),(92,92,'지금 바로 참여하고 최대 50% 할인 혜택을 받아보세요!'),(93,93,'지금 바로 참여하고 최대 50% 할인 혜택을 받아보세요!'),(94,94,'이번 시즌, 책과 함께 특별한 시간을 보내세요.'),(95,95,'지금 바로 참여하고 최대 50% 할인 혜택을 받아보세요!'),(96,96,'한정 수량! 인기 도서를 가장 저렴한 가격에 만나보세요.'),(97,97,'지금 바로 참여하고 최대 50% 할인 혜택을 받아보세요!'),(98,98,'이번 시즌, 책과 함께 특별한 시간을 보내세요.'),(99,99,'한정 수량! 인기 도서를 가장 저렴한 가격에 만나보세요.'),(100,100,'놓치면 후회하는 초특가 이벤트, 지금 바로 확인하세요!'),(101,101,'한정 수량! 인기 도서를 가장 저렴한 가격에 만나보세요.'),(102,102,'놓치면 후회하는 초특가 이벤트, 지금 바로 확인하세요!'),(103,103,'지금 바로 참여하고 최대 50% 할인 혜택을 받아보세요!'),(104,104,'책을 사랑하는 모든 분들을 위한 특별 이벤트!'),(105,105,'한정 수량! 인기 도서를 가장 저렴한 가격에 만나보세요.'),(106,106,'놓치면 후회하는 초특가 이벤트, 지금 바로 확인하세요!'),(107,107,'지금 바로 참여하고 최대 50% 할인 혜택을 받아보세요!'),(108,108,'책을 사랑하는 모든 분들을 위한 특별 이벤트!'),(109,109,'놓치면 후회하는 초특가 이벤트, 지금 바로 확인하세요!'),(110,110,'놓치면 후회하는 초특가 이벤트, 지금 바로 확인하세요!'),(111,111,'놓치면 후회하는 초특가 이벤트, 지금 바로 확인하세요!'),(112,112,'책을 사랑하는 모든 분들을 위한 특별 이벤트!'),(113,113,'한정 수량! 인기 도서를 가장 저렴한 가격에 만나보세요.'),(114,114,'지금 바로 참여하고 최대 50% 할인 혜택을 받아보세요!'),(115,115,'놓치면 후회하는 초특가 이벤트, 지금 바로 확인하세요!'),(116,116,'책을 사랑하는 모든 분들을 위한 특별 이벤트!'),(117,117,'책을 사랑하는 모든 분들을 위한 특별 이벤트!'),(118,118,'놓치면 후회하는 초특가 이벤트, 지금 바로 확인하세요!'),(119,119,'책을 사랑하는 모든 분들을 위한 특별 이벤트!'),(120,120,'지금 바로 참여하고 최대 50% 할인 혜택을 받아보세요!'),(121,121,'지금 바로 참여하고 최대 50% 할인 혜택을 받아보세요!'),(122,122,'한정 수량! 인기 도서를 가장 저렴한 가격에 만나보세요.'),(123,123,'놓치면 후회하는 초특가 이벤트, 지금 바로 확인하세요!'),(124,124,'놓치면 후회하는 초특가 이벤트, 지금 바로 확인하세요!'),(125,125,'놓치면 후회하는 초특가 이벤트, 지금 바로 확인하세요!'),(126,126,'이번 시즌, 책과 함께 특별한 시간을 보내세요.'),(127,127,'한정 수량! 인기 도서를 가장 저렴한 가격에 만나보세요.'),(128,128,'놓치면 후회하는 초특가 이벤트, 지금 바로 확인하세요!'),(129,129,'지금 바로 참여하고 최대 50% 할인 혜택을 받아보세요!'),(130,130,'이번 시즌, 책과 함께 특별한 시간을 보내세요.'),(131,131,'이번 시즌, 책과 함께 특별한 시간을 보내세요.');
/*!40000 ALTER TABLE `eventdetail` ENABLE KEYS */;
UNLOCK TABLES;

--
-- Table structure for table `member`
--

DROP TABLE IF EXISTS `member`;
/*!40101 SET @saved_cs_client     = @@character_set_client */;
/*!50503 SET character_set_client = utf8mb4 */;
CREATE TABLE `member` (
  `member_id` bigint NOT NULL AUTO_INCREMENT,
  `login_id` varchar(50) NOT NULL,
  `password` varchar(255) NOT NULL COMMENT '암호화',
  `member_name` varchar(100) NOT NULL,
  `birthday` varchar(255) DEFAULT NULL,
  `gender` varchar(255) DEFAULT NULL,
  `email` varchar(255) NOT NULL,
  `tel` varchar(20) NOT NULL,
  PRIMARY KEY (`member_id`),
  UNIQUE KEY `idx_login_id` (`login_id`)
) ENGINE=InnoDB AUTO_INCREMENT=4 DEFAULT CHARSET=utf8mb4 COLLATE=utf8mb4_0900_ai_ci;
/*!40101 SET character_set_client = @saved_cs_client */;

--
-- Dumping data for table `member`
--

LOCK TABLES `member` WRITE;
/*!40000 ALTER TABLE `member` DISABLE KEYS */;
INSERT INTO `member` VALUES (1,'red1018','$2a$10$k4VdnnefqV.jUmhuFcq/ZuB7QDMZhdwGI8ldx5/lO.XnAzAs/Mdte','이희승','1999-10-18','male','red991018@gmail.com','01073311730'),(2,'testman','$2a$10$37NrE8vLLcHonb20L4DLk.Aan90Tg3Z.Hgm3vRhjocI3ZtRAx4HqK','이희승','2025-04-09','male','red1018@naver.com','00000000000'),(3,'test','$2a$10$bfcwgGhV855PIGJ9lU5ex./PTcSqwfsG7xAhbD5S6610.RfsC5xp2','이희승','1999-10-18','male','red1018@naver.com','01073311730');
/*!40000 ALTER TABLE `member` ENABLE KEYS */;
UNLOCK TABLES;

--
-- Table structure for table `notices`
--

DROP TABLE IF EXISTS `notices`;
/*!40101 SET @saved_cs_client     = @@character_set_client */;
/*!50503 SET character_set_client = utf8mb4 */;
CREATE TABLE `notices` (
  `notice_id` bigint NOT NULL AUTO_INCREMENT,
  `author` varchar(255) DEFAULT NULL,
  `content` text,
  `date` datetime(6) DEFAULT NULL,
  `title` varchar(255) DEFAULT NULL,
  `views` int NOT NULL,
  PRIMARY KEY (`notice_id`)
) ENGINE=InnoDB AUTO_INCREMENT=10 DEFAULT CHARSET=utf8mb4 COLLATE=utf8mb4_0900_ai_ci;
/*!40101 SET character_set_client = @saved_cs_client */;

--
-- Dumping data for table `notices`
--

LOCK TABLES `notices` WRITE;
/*!40000 ALTER TABLE `notices` DISABLE KEYS */;
INSERT INTO `notices` VALUES (1,'관리자','<p>안녕하세요. 서비스 운영팀입니다.</p><p>시스템 점검이 아래 일시로 진행될 예정입니다. 이용에 불편을 드려 죄송합니다.</p><p><br></p><p><strong>■ 점검 일시</strong></p><p>2023년 5월 20일(토) 00:00 ~ 06:00 (6시간)</p><p><br></p><p><strong>■ 영향 범위</strong></p><p>점검 시간 동안 서비스 이용이 일시 중단됩니다.</p><p><br></p><p>이용에 불편을 드려 죄송합니다.</p>','2023-05-15 00:00:00.000000','시스템 점검 안내',125),(2,'개발팀','<p>새로운 기능이 추가되었습니다!</p><p><br></p><p><strong>■ 추가된 기능</strong></p><p>- 주문 내역 일괄 다운로드 기능</p><p>- 상품 비교 기능</p><p><br></p><p>더 편리해진 서비스를 즐겨보세요.</p>','2023-05-10 14:30:00.000000','새로운 기능 업데이트',243),(3,'고객지원팀','<p>고객님들께 감사의 말씀을 전합니다. 이번에 저희 서비스의 품질 향상에 대한 피드백을 반영하여 일부 기능 개선 작업을 진행하였습니다.</p><p><br></p><p>자세한 내용은 아래에서 확인하시기 바랍니다.</p><p><br></p><p><strong>■ 개선 사항</strong></p><p>- 페이지 로딩 속도 향상</p><p>- 주문 상태 확인 UI 개선</p>','2023-05-05 10:00:00.000000','서비스 품질 향상 안내',150),(4,'운영팀','<p>안녕하세요. 운영팀입니다. 시스템 안정성 개선을 위해 일정 기간 동안 임시 점검을 진행할 예정입니다.</p><p><br></p><p>서비스 이용에 불편을 드려 죄송합니다.</p>','2023-05-02 18:00:00.000000','시스템 점검 안내',180),(5,'마케팅팀','<p>안녕하세요, 마케팅팀입니다. 이번에 특별한 이벤트를 준비하였습니다.</p><p><br></p><p><strong>■ 이벤트 내용</strong></p><p>- 첫 구매 시 20% 할인</p><p>- 특정 상품 구매 시 추가 사은품 제공</p><p><br></p><p>많은 참여 부탁드립니다!</p>','2023-04-28 09:00:00.000000','특별 이벤트 안내',210),(6,'개발팀','<p>주문 시스템에 일부 오류가 발생하여 이를 수정했습니다. 이제 더 이상 해당 오류가 발생하지 않도록 조치를 취했습니다.</p><p><br></p><p>불편을 드려 죄송합니다.</p>','2023-04-25 16:00:00.000000','주문 시스템 오류 수정 안내',350),(7,'운영팀','<p>서비스 이용 중 일부 오류가 발생하여 임시 점검을 진행할 예정입니다. 불편을 드려 죄송합니다.</p><p><br></p><p>점검 시간: 2023년 4월 30일 02:00 ~ 04:00</p>','2023-04-20 14:30:00.000000','서비스 점검 안내',500),(8,'고객지원팀','<p>고객님들께서 많이 요청하신 기능이 추가되었습니다. 이제 주문 내역을 더 쉽게 확인하실 수 있습니다!</p><p><br></p><p>추가된 기능에 대한 자세한 내용은 아래를 참고해주세요.</p>','2023-04-15 11:00:00.000000','주문 내역 확인 기능 추가',210),(9,'개발팀','<p>시스템 최적화를 위해 새로운 버전의 패치가 적용되었습니다. 이번 패치로 인한 성능 향상이 있을 것으로 예상됩니다.</p><p><br></p><p>업데이트 내용: 성능 최적화, 버그 수정</p><p><br></p><p>감사합니다!</p>','2023-04-10 08:00:00.000000','시스템 패치 업데이트',280);
/*!40000 ALTER TABLE `notices` ENABLE KEYS */;
UNLOCK TABLES;

--
-- Table structure for table `purchase`
--

DROP TABLE IF EXISTS `purchase`;
/*!40101 SET @saved_cs_client     = @@character_set_client */;
/*!50503 SET character_set_client = utf8mb4 */;
CREATE TABLE `purchase` (
  `purchase_id` bigint NOT NULL AUTO_INCREMENT,
  `cart_id` bigint NOT NULL,
  `member_id` bigint NOT NULL,
  `purchase_date` datetime(6) NOT NULL,
  `quantity` int NOT NULL,
  `book_id` bigint NOT NULL,
  `delivery_date` datetime(6) DEFAULT NULL,
  PRIMARY KEY (`purchase_id`)
) ENGINE=InnoDB AUTO_INCREMENT=196 DEFAULT CHARSET=utf8mb4 COLLATE=utf8mb4_0900_ai_ci;
/*!40101 SET character_set_client = @saved_cs_client */;

--
-- Dumping data for table `purchase`
--

LOCK TABLES `purchase` WRITE;
/*!40000 ALTER TABLE `purchase` DISABLE KEYS */;
INSERT INTO `purchase` VALUES (83,177,1,'2025-04-17 20:35:44.229215',1,127,'2025-04-20 20:35:44.229215'),(84,178,1,'2025-04-17 20:35:44.229215',1,185,'2025-04-20 20:35:44.229215'),(129,226,3,'2025-04-25 13:57:24.136668',1,2,'2025-04-28 13:57:24.136668'),(130,225,3,'2025-04-25 13:57:24.136668',1,3,'2025-04-28 13:57:24.136668'),(131,248,3,'2025-04-25 13:57:24.136668',1,5,'2025-04-28 13:57:24.136668'),(132,264,3,'2025-04-25 13:57:24.136668',1,8,'2025-04-28 13:57:24.136668'),(133,263,3,'2025-04-25 13:57:24.136668',1,15,'2025-04-28 13:57:24.136668'),(134,261,3,'2025-04-25 13:57:24.136668',1,24,'2025-04-28 13:57:24.136668'),(135,256,3,'2025-04-25 13:57:24.136668',1,28,'2025-04-28 13:57:24.136668'),(136,255,3,'2025-04-25 13:57:24.136668',1,33,'2025-04-28 13:57:24.136668'),(137,266,3,'2025-04-25 13:57:24.136668',1,36,'2025-04-28 13:57:24.136668'),(138,249,3,'2025-04-25 13:57:24.136668',1,46,'2025-04-28 13:57:24.136668'),(139,257,3,'2025-04-25 13:57:24.136668',1,49,'2025-04-28 13:57:24.136668'),(140,265,3,'2025-04-25 13:57:24.136668',1,52,'2025-04-28 13:57:24.136668'),(141,252,3,'2025-04-25 13:57:24.136668',1,54,'2025-04-28 13:57:24.136668'),(142,227,3,'2025-04-25 13:57:24.136668',1,61,'2025-04-28 13:57:24.136668'),(143,228,3,'2025-04-25 13:57:24.136668',1,62,'2025-04-28 13:57:24.136668'),(144,229,3,'2025-04-25 13:57:24.136668',1,63,'2025-04-28 13:57:24.136668'),(145,230,3,'2025-04-25 13:57:24.136668',1,64,'2025-04-28 13:57:24.136668'),(146,231,3,'2025-04-25 13:57:24.136668',1,65,'2025-04-28 13:57:24.136668'),(147,232,3,'2025-04-25 13:57:24.136668',1,66,'2025-04-28 13:57:24.136668'),(148,233,3,'2025-04-25 13:57:24.136668',1,67,'2025-04-28 13:57:24.136668'),(149,234,3,'2025-04-25 13:57:24.136668',1,68,'2025-04-28 13:57:24.136668'),(150,235,3,'2025-04-25 13:57:24.136668',1,69,'2025-04-28 13:57:24.136668'),(151,236,3,'2025-04-25 13:57:24.136668',1,70,'2025-04-28 13:57:24.136668'),(152,237,3,'2025-04-25 13:57:24.136668',1,71,'2025-04-28 13:57:24.136668'),(153,238,3,'2025-04-25 13:57:24.136668',1,72,'2025-04-28 13:57:24.136668'),(154,239,3,'2025-04-25 13:57:24.136668',1,73,'2025-04-28 13:57:24.136668'),(155,240,3,'2025-04-25 13:57:24.136668',1,74,'2025-04-28 13:57:24.136668'),(156,241,3,'2025-04-25 13:57:24.136668',1,75,'2025-04-28 13:57:24.136668'),(157,242,3,'2025-04-25 13:57:24.136668',1,76,'2025-04-28 13:57:24.136668'),(158,243,3,'2025-04-25 13:57:24.136668',1,77,'2025-04-28 13:57:24.136668'),(159,244,3,'2025-04-25 13:57:24.136668',1,78,'2025-04-28 13:57:24.136668'),(160,245,3,'2025-04-25 13:57:24.136668',1,79,'2025-04-28 13:57:24.136668'),(161,246,3,'2025-04-25 13:57:24.136668',1,80,'2025-04-28 13:57:24.136668'),(162,259,3,'2025-04-25 13:57:24.136668',1,89,'2025-04-28 13:57:24.136668'),(163,254,3,'2025-04-25 13:57:24.136668',1,91,'2025-04-28 13:57:24.136668'),(164,262,3,'2025-04-25 13:57:24.136668',1,93,'2025-04-28 13:57:24.136668'),(165,260,3,'2025-04-25 13:57:24.136668',1,98,'2025-04-28 13:57:24.136668'),(166,247,3,'2025-04-25 13:57:24.136668',1,101,'2025-04-28 13:57:24.136668'),(167,250,3,'2025-04-25 13:57:24.136668',1,107,'2025-04-28 13:57:24.136668'),(168,251,3,'2025-04-25 13:57:24.136668',1,133,'2025-04-28 13:57:24.136668'),(169,258,3,'2025-04-25 13:57:24.136668',1,152,'2025-04-28 13:57:24.136668'),(170,267,3,'2025-04-25 13:57:24.136668',1,180,'2025-04-28 13:57:24.136668'),(193,312,1,'2025-05-11 09:40:02.392029',1,3,'2025-05-14 09:40:02.392029'),(194,294,1,'2025-05-11 09:40:02.392029',1,107,'2025-05-14 09:40:02.392029'),(195,288,1,'2025-05-11 09:40:02.392029',1,173,'2025-05-14 09:40:02.392029');
/*!40000 ALTER TABLE `purchase` ENABLE KEYS */;
UNLOCK TABLES;

--
-- Table structure for table `review`
--

DROP TABLE IF EXISTS `review`;
/*!40101 SET @saved_cs_client     = @@character_set_client */;
/*!50503 SET character_set_client = utf8mb4 */;
CREATE TABLE `review` (
  `review_id` int NOT NULL AUTO_INCREMENT,
  `member_id` bigint NOT NULL,
  `Rating` int NOT NULL,
  `review_text` text NOT NULL,
  `Registration_date` date NOT NULL,
  `book_id` bigint NOT NULL,
  PRIMARY KEY (`review_id`),
  KEY `FK_member_TO_review` (`member_id`),
  KEY `FKorn7h9wew86ner93mh1pw9k1n` (`book_id`),
  CONSTRAINT `FK_member_TO_review` FOREIGN KEY (`member_id`) REFERENCES `member` (`member_id`),
  CONSTRAINT `FKorn7h9wew86ner93mh1pw9k1n` FOREIGN KEY (`book_id`) REFERENCES `bookdetail` (`book_id`)
) ENGINE=InnoDB AUTO_INCREMENT=12 DEFAULT CHARSET=utf8mb4 COLLATE=utf8mb4_0900_ai_ci;
/*!40101 SET character_set_client = @saved_cs_client */;

--
-- Dumping data for table `review`
--

LOCK TABLES `review` WRITE;
/*!40000 ALTER TABLE `review` DISABLE KEYS */;
INSERT INTO `review` VALUES (1,1,3,'ㅁㅇㄴㅀㅍㅁㅎㅍㅁㅇㅀㅁㅇㅀ','2025-04-16',6),(2,1,3,'ㅁㅇㄴㅀㅍㅁㅎㅍㅁㅇㅀㅁㅇㅀ','2025-04-16',6),(3,1,3,'ㅈㄳㅈ쇼ㅛㅕㅓㅗㅈㄱ','2025-04-16',6),(4,1,3,'ㅇ류남ㄴ암;\'ㄴ란;ㅣㅁ러ㅣ/ㅁㄴㅁㅀㄶㄱ','2025-04-16',6),(5,1,3,'ㅂㄷㅁㅈㄱㅀㅁㄴㅇ곧ㅁㅇ롣ㄹㅇㅎㄹ호몽ㅎㅁㄴㅅㅎㄴㅇㅁ','2025-04-17',1),(6,1,5,'ㅁㄴㅇㅀㅁㅁㅇㄻㅇㅀㅁㅎ','2025-04-18',127),(7,1,5,'ㄹㄴ옿ㄴㄹ혿ㅁ온ㅇㅁ롱ㅁ','2025-04-18',1),(8,1,1,'ㄴㅇㅀ노ㅗ노ㅓㄻ너ㅗㅁ고ㅓㅁ','2025-04-18',1),(9,1,1,'ㅁㅇㅎㅁㅇㅎㅁㅎㅁ옴','2025-04-18',1),(10,1,5,'ㄴㅁㅇㄹㄴㅁㅇㄹㄴㅁㅇㄻㄴㅇㄹ','2025-04-18',12),(11,1,5,'efaeggsdfsadgsdasdfga','2025-04-25',147);
/*!40000 ALTER TABLE `review` ENABLE KEYS */;
UNLOCK TABLES;

--
-- Table structure for table `shopping_cart`
--

DROP TABLE IF EXISTS `shopping_cart`;
/*!40101 SET @saved_cs_client     = @@character_set_client */;
/*!50503 SET character_set_client = utf8mb4 */;
CREATE TABLE `shopping_cart` (
  `Shopping_Cart_id` bigint NOT NULL AUTO_INCREMENT,
  `member_id` bigint NOT NULL,
  `book_id` bigint NOT NULL,
  `quantity` int NOT NULL DEFAULT '1',
  `added_date` datetime NOT NULL DEFAULT CURRENT_TIMESTAMP,
  PRIMARY KEY (`Shopping_Cart_id`),
  KEY `FK_member_TO_Shopping_Cart` (`member_id`),
  KEY `FK_bookdetail_TO_Shopping_Cart` (`book_id`),
  CONSTRAINT `FK_bookdetail_TO_Shopping_Cart` FOREIGN KEY (`book_id`) REFERENCES `bookdetail` (`book_id`),
  CONSTRAINT `FK_member_TO_Shopping_Cart` FOREIGN KEY (`member_id`) REFERENCES `member` (`member_id`)
) ENGINE=InnoDB AUTO_INCREMENT=320 DEFAULT CHARSET=utf8mb4 COLLATE=utf8mb4_0900_ai_ci;
/*!40101 SET character_set_client = @saved_cs_client */;

--
-- Dumping data for table `shopping_cart`
--

LOCK TABLES `shopping_cart` WRITE;
/*!40000 ALTER TABLE `shopping_cart` DISABLE KEYS */;
/*!40000 ALTER TABLE `shopping_cart` ENABLE KEYS */;
UNLOCK TABLES;

--
-- Table structure for table `top_category`
--

DROP TABLE IF EXISTS `top_category`;
/*!40101 SET @saved_cs_client     = @@character_set_client */;
/*!50503 SET character_set_client = utf8mb4 */;
CREATE TABLE `top_category` (
  `Top_Category_Id` int NOT NULL AUTO_INCREMENT,
  `Top_Category_name` varchar(255) NOT NULL,
  PRIMARY KEY (`Top_Category_Id`)
) ENGINE=InnoDB AUTO_INCREMENT=6 DEFAULT CHARSET=utf8mb4 COLLATE=utf8mb4_0900_ai_ci;
/*!40101 SET character_set_client = @saved_cs_client */;

--
-- Dumping data for table `top_category`
--

LOCK TABLES `top_category` WRITE;
/*!40000 ALTER TABLE `top_category` DISABLE KEYS */;
INSERT INTO `top_category` VALUES (1,'문학'),(2,'인문/사회과학'),(3,'과학/기술'),(4,'예술/취미'),(5,'어린이/청소년');
/*!40000 ALTER TABLE `top_category` ENABLE KEYS */;
UNLOCK TABLES;
/*!40103 SET TIME_ZONE=@OLD_TIME_ZONE */;

/*!40101 SET SQL_MODE=@OLD_SQL_MODE */;
/*!40014 SET FOREIGN_KEY_CHECKS=@OLD_FOREIGN_KEY_CHECKS */;
/*!40014 SET UNIQUE_CHECKS=@OLD_UNIQUE_CHECKS */;
/*!40101 SET CHARACTER_SET_CLIENT=@OLD_CHARACTER_SET_CLIENT */;
/*!40101 SET CHARACTER_SET_RESULTS=@OLD_CHARACTER_SET_RESULTS */;
/*!40101 SET COLLATION_CONNECTION=@OLD_COLLATION_CONNECTION */;
/*!40111 SET SQL_NOTES=@OLD_SQL_NOTES */;

-- Dump completed on 2025-09-10 11:17:12
